model_name,split,threshold,accuracy,precision,recall,f1_score,pr_auc_average_precision,roc_auc,true_positives,false_positives,false_negatives,true_negatives,positives_in_split,predicted_positive_alerts,alert_rate_percent,alerts_per_10k_transactions
Logistic_Regression_class_weight,validation,0.01,0.7918068074801561,0.007636925408808698,1.0,0.015158089617865718,0.8620408986837602,0.9980926784437175,262,34045,0,129219,262,34307,20.979538,2097.95
Logistic_Regression_class_weight,validation,0.02,0.861691718748089,0.01145154945583286,1.0,0.022643792403094075,0.8620408986837602,0.9980926784437175,262,22617,0,140647,262,22879,13.991047,1399.1
Logistic_Regression_class_weight,validation,0.03,0.8853209887112753,0.013778595845385223,1.0,0.027182652902422576,0.8620408986837602,0.9980926784437175,262,18753,0,144511,262,19015,11.62812,1162.81
Logistic_Regression_class_weight,validation,0.04,0.8992270342330884,0.015650200107520457,1.0,0.03081809092513086,0.8620408986837602,0.9980926784437175,262,16479,0,146785,262,16741,10.237516,1023.75
Logistic_Regression_class_weight,validation,0.05,0.9086383816640778,0.017107514146598238,0.9923664122137404,0.03363518758085381,0.8620408986837602,0.9980926784437175,260,14938,2,148326,262,15198,9.293935,929.39
Logistic_Regression_class_weight,validation,0.06,0.9159644337903453,0.018571428571428572,0.9923664122137404,0.03646052447062123,0.8620408986837602,0.9980926784437175,260,13740,2,149524,262,14000,8.56133,856.13
Logistic_Regression_class_weight,validation,0.07,0.9216210266257353,0.01981182590071139,0.9885496183206107,0.03884514435695538,0.8620408986837602,0.9980926784437175,259,12814,3,150450,262,13073,7.994447,799.44
Logistic_Regression_class_weight,validation,0.08,0.9260851485390702,0.020983553431094547,0.9885496183206107,0.0410948036493455,0.8620408986837602,0.9980926784437175,259,12084,3,151180,262,12343,7.548035,754.8
Logistic_Regression_class_weight,validation,0.09,0.9293506842948522,0.021932424422050976,0.9885496183206107,0.04291276613370889,0.8620408986837602,0.9980926784437175,259,11550,3,151714,262,11809,7.221482,722.15
Logistic_Regression_class_weight,validation,0.1,0.9318273546714284,0.02271132935811996,0.9885496183206107,0.04440253728784502,0.8620408986837602,0.9980926784437175,259,11145,3,152119,262,11404,6.973815,697.38
Logistic_Regression_class_weight,validation,0.11,0.9339309956826437,0.02341772151898734,0.9885496183206107,0.0457516339869281,0.8620408986837602,0.9980926784437175,259,10801,3,152463,262,11060,6.76345,676.35
Logistic_Regression_class_weight,validation,0.12,0.935490380734562,0.023970384081443776,0.9885496183206107,0.04680581910183428,0.8620408986837602,0.9980926784437175,259,10546,3,152718,262,10805,6.607512,660.75
Logistic_Regression_class_weight,validation,0.13,0.9368173868375671,0.024461654703437852,0.9885496183206107,0.04774193548387097,0.8620408986837602,0.9980926784437175,259,10329,3,152935,262,10588,6.474811,647.48
Logistic_Regression_class_weight,validation,0.14,0.9379792815821337,0.02490863627620696,0.9885496183206107,0.048592870544090054,0.8620408986837602,0.9980926784437175,259,10139,3,153125,262,10398,6.358622,635.86
Logistic_Regression_class_weight,validation,0.15,0.9387498012548463,0.02521417445482866,0.9885496183206107,0.04917410290487944,0.8620408986837602,0.9980926784437175,259,10013,3,153251,262,10272,6.28157,628.16
Logistic_Regression_class_weight,validation,0.16,0.9394530533370841,0.025499655410062026,0.9885496183206107,0.04971686342259334,0.8620408986837602,0.9980926784437175,259,9898,3,153366,262,10157,6.211245,621.12
Logistic_Regression_class_weight,validation,0.17,0.9401012682998422,0.02576858024077206,0.9885496183206107,0.050227867739745954,0.8620408986837602,0.9980926784437175,259,9792,3,153472,262,10051,6.146423,614.64
Logistic_Regression_class_weight,validation,0.18,0.9406088328461529,0.02598314606741573,0.9885496183206107,0.05063538611925709,0.8620408986837602,0.9980926784437175,259,9709,3,153555,262,9968,6.095667,609.57
Logistic_Regression_class_weight,validation,0.19,0.9410613602729841,0.02617748130179907,0.9885496183206107,0.051004332414336356,0.8620408986837602,0.9980926784437175,259,9635,3,153629,262,9894,6.050414,605.04
Logistic_Regression_class_weight,validation,0.2,0.9414282744028473,0.026337197478137075,0.9885496183206107,0.05130744849445325,0.8620408986837602,0.9980926784437175,259,9575,3,153689,262,9834,6.013723,601.37
Logistic_Regression_class_weight,validation,0.21,0.9418685713586831,0.026531448473673426,0.9885496183206107,0.051675977653631286,0.8620408986837602,0.9980926784437175,259,9503,3,153761,262,9762,5.969693,596.97
Logistic_Regression_class_weight,validation,0.22,0.9422844073725279,0.026717557251908396,0.9885496183206107,0.05202892728003214,0.8620408986837602,0.9980926784437175,259,9435,3,153829,262,9694,5.928109,592.81
Logistic_Regression_class_weight,validation,0.23,0.9426268605604001,0.026872795185723178,0.9885496183206107,0.05232323232323232,0.8620408986837602,0.9980926784437175,259,9379,3,153885,262,9638,5.893864,589.39
Logistic_Regression_class_weight,validation,0.24,0.942957083277277,0.027024207011686143,0.9885496183206107,0.05261019703432866,0.8620408986837602,0.9980926784437175,259,9325,3,153939,262,9584,5.860842,586.08
Logistic_Regression_class_weight,validation,0.25,0.943305651700647,0.02718589272593681,0.9885496183206107,0.052916538972315866,0.8620408986837602,0.9980926784437175,259,9268,3,153996,262,9527,5.825985,582.6
Logistic_Regression_class_weight,validation,0.26,0.9435869525335421,0.027317793481700242,0.9885496183206107,0.053166375859591504,0.8620408986837602,0.9980926784437175,259,9222,3,154042,262,9481,5.797855,579.79
Logistic_Regression_class_weight,validation,0.27,0.9439660971344006,0.02749761121138125,0.9885496183206107,0.05350686912509038,0.8620408986837602,0.9980926784437175,259,9160,3,154104,262,9419,5.75994,575.99
Logistic_Regression_class_weight,validation,0.28,0.9443880483837432,0.02770053475935829,0.9885496183206107,0.0538909696213067,0.8620408986837602,0.9980926784437175,259,9091,3,154173,262,9350,5.717745,571.77
Logistic_Regression_class_weight,validation,0.29,0.9447855386910949,0.027894453419493807,0.9885496183206107,0.05425788205719074,0.8620408986837602,0.9980926784437175,259,9026,3,154238,262,9285,5.677996,567.8
Logistic_Regression_class_weight,validation,0.3,0.9452380661179262,0.028118553902942135,0.9885496183206107,0.05468172701361765,0.8620408986837602,0.9980926784437175,259,8952,3,154312,262,9211,5.632743,563.27
Logistic_Regression_class_weight,validation,0.31,0.9457945525482186,0.028399122807017545,0.9885496183206107,0.05521210829247495,0.8620408986837602,0.9980926784437175,259,8861,3,154403,262,9120,5.577095,557.71
Logistic_Regression_class_weight,validation,0.32,0.9463449237430134,0.02868217054263566,0.9885496183206107,0.05574687903572966,0.8620408986837602,0.9980926784437175,259,8771,3,154493,262,9030,5.522058,552.21
Logistic_Regression_class_weight,validation,0.33,0.9469014101733058,0.028974158183241974,0.9885496183206107,0.056298228453428974,0.8620408986837602,0.9980926784437175,259,8680,3,154584,262,8939,5.466409,546.64
Logistic_Regression_class_weight,validation,0.34,0.9475802013135526,0.029338468509288628,0.9885496183206107,0.05698569856985698,0.8620408986837602,0.9980926784437175,259,8569,3,154695,262,8828,5.39853,539.85
Logistic_Regression_class_weight,validation,0.35,0.9483690666927583,0.02977353718818255,0.9885496183206107,0.05780604843209463,0.8620408986837602,0.9980926784437175,259,8440,3,154824,262,8699,5.319643,531.96
Logistic_Regression_class_weight,validation,0.36,0.9489561293005394,0.030105777054515868,0.9885496183206107,0.05843203609701072,0.8620408986837602,0.9980926784437175,259,8344,3,154920,262,8603,5.260937,526.09
Logistic_Regression_class_weight,validation,0.37,0.9496349204407861,0.03049929345266133,0.9885496183206107,0.05917294950879598,0.8620408986837602,0.9980926784437175,259,8233,3,155031,262,8492,5.193058,519.31
Logistic_Regression_class_weight,validation,0.38,0.9504360162909874,0.03097715584260256,0.9885496183206107,0.0600719007306042,0.8620408986837602,0.9980926784437175,259,8102,3,155162,262,8361,5.112948,511.29
Logistic_Regression_class_weight,validation,0.39,0.9513716473221384,0.03155458089668616,0.9885496183206107,0.06115702479338843,0.8620408986837602,0.9980926784437175,259,7949,3,155315,262,8208,5.019385,501.94
Logistic_Regression_class_weight,validation,0.4,0.9522644717048053,0.032126023319275616,0.9885496183206107,0.06222969726093224,0.8620408986837602,0.9980926784437175,259,7803,3,155461,262,8062,4.930103,493.01
Logistic_Regression_class_weight,validation,0.41,0.9533652140943948,0.03285968028419183,0.9885496183206107,0.06360510805500982,0.8620408986837602,0.9980926784437175,259,7623,3,155641,262,7882,4.820029,482.0
Logistic_Regression_class_weight,validation,0.42,0.9545087631324682,0.0336582196231319,0.9885496183206107,0.0650999120271459,0.8620408986837602,0.9980926784437175,259,7436,3,155828,262,7695,4.705674,470.57
Logistic_Regression_class_weight,validation,0.43,0.9554688551056101,0.03435924648447864,0.9885496183206107,0.06641025641025641,0.8620408986837602,0.9980926784437175,259,7279,3,155985,262,7538,4.609665,460.97
Logistic_Regression_class_weight,validation,0.44,0.9565023299047246,0.03514723843126612,0.9885496183206107,0.06788101166295374,0.8620408986837602,0.9980926784437175,259,7110,3,156154,262,7369,4.506317,450.63
Logistic_Regression_class_weight,validation,0.45,0.9576030722943141,0.03602726387536514,0.9885496183206107,0.06952086968192189,0.8620408986837602,0.9980926784437175,259,6930,3,156334,262,7189,4.396243,439.62
Logistic_Regression_class_weight,validation,0.46,0.9587955432163693,0.036766809728183115,0.9809160305343512,0.07087699944842801,0.8620408986837602,0.9980926784437175,257,6733,5,156531,262,6990,4.27455,427.45
Logistic_Regression_class_weight,validation,0.47,0.9598779398994656,0.03772200205489505,0.9809160305343512,0.07265017667844523,0.8620408986837602,0.9980926784437175,257,6556,5,156708,262,6813,4.16631,416.63
Logistic_Regression_class_weight,validation,0.48,0.9610581803505253,0.03882175226586103,0.9809160305343512,0.07468759081662307,0.8620408986837602,0.9980926784437175,257,6363,5,156901,262,6620,4.048286,404.83
Logistic_Regression_class_weight,validation,0.49,0.9624646845150007,0.04021909233176839,0.9809160305343512,0.0772699939867709,0.8620408986837602,0.9980926784437175,257,6133,5,157131,262,6390,3.907635,390.76
Logistic_Regression_class_weight,validation,0.5,0.9636265792595673,0.041451612903225805,0.9809160305343512,0.07954193748065615,0.8620408986837602,0.9980926784437175,257,5943,5,157321,262,6200,3.791446,379.14
Logistic_Regression_class_weight,validation,0.51,0.9648373958881157,0.04281906031322892,0.9809160305343512,0.08205619412515965,0.8620408986837602,0.9980926784437175,257,5745,5,157519,262,6002,3.670364,367.04
Logistic_Regression_class_weight,validation,0.52,0.966243900052591,0.04452529452529452,0.9809160305343512,0.08518395757374876,0.8620408986837602,0.9980926784437175,257,5515,5,157749,262,5772,3.529714,352.97
Logistic_Regression_class_weight,validation,0.53,0.9675342147426097,0.046214709584607085,0.9809160305343512,0.08827065086725056,0.8620408986837602,0.9980926784437175,257,5304,5,157960,262,5561,3.400682,340.07
Logistic_Regression_class_weight,validation,0.54,0.9689223732005919,0.04801200300075019,0.9770992366412213,0.09152663568108688,0.8620408986837602,0.9980926784437175,256,5076,6,158188,262,5332,3.260644,326.06
Logistic_Regression_class_weight,validation,0.55,0.9702126878906107,0.04999023628197618,0.9770992366412213,0.09511424856028237,0.8620408986837602,0.9980926784437175,256,4865,6,158399,262,5121,3.131612,313.16
Logistic_Regression_class_weight,validation,0.56,0.9714051588126659,0.051969143321153065,0.9770992366412213,0.09868928296067848,0.8620408986837602,0.9980926784437175,256,4670,6,158594,262,4926,3.012365,301.24
Logistic_Regression_class_weight,validation,0.57,0.9727015887381824,0.054306321595248196,0.9770992366412213,0.10289389067524116,0.8620408986837602,0.9980926784437175,256,4458,6,158806,262,4714,2.882722,288.27
Logistic_Regression_class_weight,validation,0.58,0.9741508995511418,0.057181148090239,0.9770992366412213,0.10803967081662798,0.8620408986837602,0.9980926784437175,256,4221,6,159043,262,4477,2.737791,273.78
Logistic_Regression_class_weight,validation,0.59,0.9754350990056627,0.05999531286618233,0.9770992366412213,0.11304923824243762,0.8620408986837602,0.9980926784437175,256,4011,6,159253,262,4267,2.609371,260.94
Logistic_Regression_class_weight,validation,0.6,0.9766153394567225,0.06283750613647521,0.9770992366412213,0.11808118081180811,0.8620408986837602,0.9980926784437175,256,3818,6,159446,262,4074,2.491347,249.13
Logistic_Regression_class_weight,validation,0.61,0.9778689627337549,0.0661669682088395,0.9770992366412213,0.12394093439845073,0.8620408986837602,0.9980926784437175,256,3613,6,159651,262,3869,2.365985,236.6
Logistic_Regression_class_weight,validation,0.62,0.9791837383657644,0.07006020799124248,0.9770992366412213,0.13074565883554648,0.8620408986837602,0.9980926784437175,256,3398,6,159866,262,3654,2.234507,223.45
Logistic_Regression_class_weight,validation,0.63,0.9805168597042672,0.07450523864959255,0.9770992366412213,0.13845321795565171,0.8620408986837602,0.9980926784437175,256,3180,6,160084,262,3436,2.101195,210.12
Logistic_Regression_class_weight,validation,0.64,0.9815381040323863,0.0783114102171918,0.9770992366412213,0.1450014160294534,0.8620408986837602,0.9980926784437175,256,3013,6,160251,262,3269,1.99907,199.91
Logistic_Regression_class_weight,validation,0.65,0.9827305749544415,0.0830078125,0.9732824427480916,0.15296940611877624,0.8620408986837602,0.9980926784437175,255,2817,7,160447,262,3072,1.8786,187.86
Logistic_Regression_class_weight,validation,0.66,0.983959737289483,0.08881922675026123,0.9732824427480916,0.16278327481646984,0.8620408986837602,0.9980926784437175,255,2616,7,160648,262,2871,1.755684,175.57
Logistic_Regression_class_weight,validation,0.67,0.9851950148600223,0.09554140127388536,0.9732824427480916,0.17400204708290687,0.8620408986837602,0.9980926784437175,255,2414,7,160850,262,2669,1.632156,163.22
Logistic_Regression_class_weight,validation,0.68,0.9864547533725524,0.10321007720438846,0.9694656488549618,0.18655894234300405,0.8620408986837602,0.9980926784437175,254,2207,8,161057,262,2461,1.504959,150.5
Logistic_Regression_class_weight,validation,0.69,0.9875126891136577,0.11101398601398602,0.9694656488549618,0.1992156862745098,0.8620408986837602,0.9980926784437175,254,2034,8,161230,262,2288,1.399166,139.92
Logistic_Regression_class_weight,validation,0.7,0.988356591612343,0.11742777260018639,0.9618320610687023,0.20930232558139536,0.8620408986837602,0.9980926784437175,252,1894,10,161370,262,2146,1.31233,131.23
Logistic_Regression_class_weight,validation,0.71,0.9893105683499872,0.12663316582914572,0.9618320610687023,0.22380106571936056,0.8620408986837602,0.9980926784437175,252,1738,10,161526,262,1990,1.216932,121.69
Logistic_Regression_class_weight,validation,0.72,0.9902828907941245,0.13762971054068815,0.9618320610687023,0.2408026755852843,0.8620408986837602,0.9980926784437175,252,1579,10,161685,262,1831,1.1197,111.97
Logistic_Regression_class_weight,validation,0.73,0.991273558944755,0.15098861593768723,0.9618320610687023,0.2610046607975142,0.8620408986837602,0.9980926784437175,252,1417,10,161847,262,1669,1.020633,102.06
Logistic_Regression_class_weight,validation,0.74,0.9922336509178968,0.16666666666666666,0.9618320610687023,0.28410372040586246,0.8620408986837602,0.9980926784437175,252,1260,10,162004,262,1512,0.924624,92.46
Logistic_Regression_class_weight,validation,0.75,0.9930897838875775,0.1836734693877551,0.9618320610687023,0.3084455324357405,0.8620408986837602,0.9980926784437175,252,1120,10,162144,262,1372,0.83901,83.9
Logistic_Regression_class_weight,validation,0.76,0.9937624597923266,0.19968304278922344,0.9618320610687023,0.33070866141732286,0.8620408986837602,0.9980926784437175,252,1010,10,162254,262,1262,0.771743,77.17
Logistic_Regression_class_weight,validation,0.77,0.9945390947005369,0.22202643171806166,0.9618320610687023,0.360773085182534,0.8620408986837602,0.9980926784437175,252,883,10,162381,262,1135,0.694079,69.41
Logistic_Regression_class_weight,validation,0.78,0.995168963956802,0.2441860465116279,0.9618320610687023,0.3894899536321484,0.8620408986837602,0.9980926784437175,252,780,10,162484,262,1032,0.631092,63.11
Logistic_Regression_class_weight,validation,0.79,0.9957927179775693,0.2709677419354839,0.9618320610687023,0.4228187919463087,0.8620408986837602,0.9980926784437175,252,678,10,162586,262,930,0.568717,56.87
Logistic_Regression_class_weight,validation,0.8,0.9963553196433594,0.30023923444976075,0.9580152671755725,0.45719489981785066,0.8620408986837602,0.9980926784437175,251,585,11,162679,262,836,0.511234,51.12
Logistic_Regression_class_weight,validation,0.81,0.9968751146606656,0.33288590604026846,0.9465648854961832,0.4925521350546177,0.8620408986837602,0.9980926784437175,248,497,14,162767,262,745,0.455585,45.56
Logistic_Regression_class_weight,validation,0.82,0.9973337573229946,0.36976047904191617,0.9427480916030534,0.5311827956989247,0.8620408986837602,0.9980926784437175,247,421,15,162843,262,668,0.408498,40.85
Logistic_Regression_class_weight,validation,0.83,0.9976517495688759,0.4,0.9312977099236641,0.5596330275229358,0.8620408986837602,0.9980926784437175,244,366,18,162898,262,610,0.373029,37.3
Logistic_Regression_class_weight,validation,0.84,0.998018663698739,0.44363636363636366,0.9312977099236641,0.6009852216748769,0.8620408986837602,0.9980926784437175,244,306,18,162958,262,550,0.336338,33.63
Logistic_Regression_class_weight,validation,0.85,0.9983366559446204,0.4899193548387097,0.9274809160305344,0.6411609498680739,0.8620408986837602,0.9980926784437175,243,253,19,163011,262,496,0.303316,30.33
Logistic_Regression_class_weight,validation,0.86,0.9985751501290314,0.5317286652078774,0.9274809160305344,0.6759388038942976,0.8620408986837602,0.9980926784437175,243,214,19,163050,262,457,0.279466,27.95
Logistic_Regression_class_weight,validation,0.87,0.9987952986069494,0.5775656324582339,0.9236641221374046,0.71071953010279,0.8620408986837602,0.9980926784437175,242,177,20,163087,262,419,0.256228,25.62
Logistic_Regression_class_weight,validation,0.88,0.9989237185524015,0.6091370558375635,0.916030534351145,0.7317073170731707,0.8620408986837602,0.9980926784437175,240,154,22,163110,262,394,0.24094,24.09
Logistic_Regression_class_weight,validation,0.89,0.9991316365593239,0.6685393258426966,0.9083969465648855,0.7702265372168284,0.8620408986837602,0.9980926784437175,238,118,24,163146,262,356,0.217702,21.77
Logistic_Regression_class_weight,validation,0.9,0.9992478260337806,0.7074626865671642,0.9045801526717557,0.7939698492462312,0.8620408986837602,0.9980926784437175,237,98,25,163166,262,335,0.20486,20.49
Logistic_Regression_class_weight,validation,0.91,0.9993273240952509,0.7360248447204969,0.9045801526717557,0.8116438356164384,0.8620408986837602,0.9980926784437175,237,85,25,163179,262,322,0.196911,19.69
Logistic_Regression_class_weight,validation,0.92,0.9993579002727395,0.7507987220447284,0.8969465648854962,0.8173913043478261,0.8620408986837602,0.9980926784437175,235,78,27,163186,262,313,0.191407,19.14
Logistic_Regression_class_weight,validation,0.93,0.9993701307437349,0.760655737704918,0.8854961832061069,0.818342151675485,0.8620408986837602,0.9980926784437175,232,73,30,163191,262,305,0.186515,18.65
Logistic_Regression_class_weight,validation,0.94,0.9993640155082372,0.7633333333333333,0.8740458015267175,0.8149466192170819,0.8620408986837602,0.9980926784437175,229,71,33,163193,262,300,0.183457,18.35
Logistic_Regression_class_weight,validation,0.95,0.9993640155082372,0.7705479452054794,0.8587786259541985,0.8122743682310469,0.8620408986837602,0.9980926784437175,225,67,37,163197,262,292,0.178565,17.86
Logistic_Regression_class_weight,validation,0.96,0.9993456698017441,0.7777777777777778,0.8282442748091603,0.8022181146025879,0.8620408986837602,0.9980926784437175,217,62,45,163202,262,279,0.170615,17.06
Logistic_Regression_class_weight,validation,0.97,0.9993823612147303,0.7992565055762082,0.8206106870229007,0.8097928436911488,0.8620408986837602,0.9980926784437175,215,54,47,163210,262,269,0.1645,16.45
Logistic_Regression_class_weight,validation,0.98,0.9993762459792327,0.82,0.7824427480916031,0.80078125,0.8620408986837602,0.9980926784437175,205,45,57,163219,262,250,0.152881,15.29
Logistic_Regression_class_weight,validation,0.99,0.9993089783887578,0.8253275109170306,0.7213740458015268,0.769857433808554,0.8620408986837602,0.9980926784437175,189,40,73,163224,262,229,0.140039,14.0
Logistic_Regression_SMOTENC,validation,0.01,0.9476902755525115,0.029398410896708287,0.9885496183206107,0.05709876543209876,0.9133939706077967,0.9959696943796924,259,8551,3,154713,262,8810,5.387522,538.75
Logistic_Regression_SMOTENC,validation,0.02,0.9593826058241502,0.037278793153466785,0.9809160305343512,0.0718278367803242,0.9133939706077967,0.9959696943796924,257,6637,5,156627,262,6894,4.215843,421.58
Logistic_Regression_SMOTENC,validation,0.03,0.9667636950698971,0.04519078600316511,0.9809160305343512,0.08640107581106068,0.9133939706077967,0.9959696943796924,257,5430,5,157834,262,5687,3.477734,347.77
Logistic_Regression_SMOTENC,validation,0.04,0.9721389870723922,0.05326674989596338,0.9770992366412213,0.10102604577742699,0.9133939706077967,0.9959696943796924,256,4550,6,158714,262,4806,2.938982,293.9
Logistic_Regression_SMOTENC,validation,0.05,0.9758998569034893,0.06108327368169888,0.9770992366412213,0.11497866606781945,0.9133939706077967,0.9959696943796924,256,3935,6,159329,262,4191,2.562895,256.29
Logistic_Regression_SMOTENC,validation,0.06,0.9790920098332987,0.06977378032161352,0.9770992366412213,0.13024675655049606,0.9133939706077967,0.9959696943796924,256,3413,6,159851,262,3669,2.24368,224.37
Logistic_Regression_SMOTENC,validation,0.07,0.9816359478003498,0.07869658776513987,0.9770992366412213,0.14566145092460883,0.9133939706077967,0.9959696943796924,256,2997,6,160267,262,3253,1.989286,198.93
Logistic_Regression_SMOTENC,validation,0.08,0.9837762802245514,0.08818463658284534,0.9770992366412213,0.1617693522906793,0.9133939706077967,0.9959696943796924,256,2647,6,160617,262,2903,1.775253,177.53
Logistic_Regression_SMOTENC,validation,0.09,0.9856536575223512,0.09799382716049383,0.9694656488549618,0.1779957953749124,0.9133939706077967,0.9959696943796924,254,2338,8,160926,262,2592,1.585069,158.51
Logistic_Regression_SMOTENC,validation,0.1,0.9872436187517581,0.10824742268041238,0.9618320610687023,0.1945945945945946,0.9133939706077967,0.9959696943796924,252,2076,10,161188,262,2328,1.423627,142.36
Logistic_Regression_SMOTENC,validation,0.11,0.9885278182062791,0.11898016997167139,0.9618320610687023,0.21176470588235294,0.9133939706077967,0.9959696943796924,252,1866,10,161398,262,2118,1.295207,129.52
Logistic_Regression_SMOTENC,validation,0.12,0.9897141738928367,0.13097713097713098,0.9618320610687023,0.23055809698078683,0.9133939706077967,0.9959696943796924,252,1672,10,161592,262,1924,1.176571,117.66
Logistic_Regression_SMOTENC,validation,0.13,0.9907109572789649,0.14310051107325383,0.9618320610687023,0.2491349480968858,0.9133939706077967,0.9959696943796924,252,1509,10,161755,262,1761,1.076893,107.69
Logistic_Regression_SMOTENC,validation,0.14,0.9914753617161797,0.15403422982885084,0.9618320610687023,0.2655426765015806,0.9133939706077967,0.9959696943796924,252,1384,10,161880,262,1636,1.000453,100.05
Logistic_Regression_SMOTENC,validation,0.15,0.9922458813888922,0.16688741721854305,0.9618320610687023,0.28442437923250563,0.9133939706077967,0.9959696943796924,252,1258,10,162006,262,1510,0.923401,92.34
Logistic_Regression_SMOTENC,validation,0.16,0.9929735944131208,0.1811646297627606,0.9618320610687023,0.30490018148820325,0.9133939706077967,0.9959696943796924,252,1139,10,162125,262,1391,0.850629,85.06
Logistic_Regression_SMOTENC,validation,0.17,0.9935912331983905,0.19487577639751552,0.9580152671755725,0.32387096774193547,0.9133939706077967,0.9959696943796924,251,1037,11,162227,262,1288,0.787642,78.76
Logistic_Regression_SMOTENC,validation,0.18,0.9941354891576875,0.20934111759799834,0.9580152671755725,0.34360027378507874,0.9133939706077967,0.9959696943796924,251,948,11,162316,262,1199,0.733217,73.32
Logistic_Regression_SMOTENC,validation,0.19,0.9946124775265095,0.22390722569134702,0.9580152671755725,0.36297903109182933,0.9133939706077967,0.9959696943796924,251,870,11,162394,262,1121,0.685518,68.55
Logistic_Regression_SMOTENC,validation,0.2,0.9950711201888385,0.23996175908221798,0.9580152671755725,0.3837920489296636,0.9133939706077967,0.9959696943796924,251,795,11,162469,262,1046,0.639654,63.97
Logistic_Regression_SMOTENC,validation,0.21,0.9954013429057152,0.2530241935483871,0.9580152671755725,0.4003189792663477,0.9133939706077967,0.9959696943796924,251,741,11,162523,262,992,0.606631,60.66
Logistic_Regression_SMOTENC,validation,0.22,0.9957988332130671,0.2707659115426106,0.9580152671755725,0.4222035323801514,0.9133939706077967,0.9959696943796924,251,676,11,162588,262,927,0.566882,56.69
Logistic_Regression_SMOTENC,validation,0.23,0.9961596321074324,0.28868360277136257,0.9541984732824428,0.4432624113475177,0.9133939706077967,0.9959696943796924,250,616,12,162648,262,866,0.529579,52.96
Logistic_Regression_SMOTENC,validation,0.24,0.9964776243533139,0.3071253071253071,0.9541984732824428,0.4646840148698885,0.9133939706077967,0.9959696943796924,250,564,12,162700,262,814,0.49778,49.78
Logistic_Regression_SMOTENC,validation,0.25,0.9967528099507112,0.3250975292587776,0.9541984732824428,0.48496605237633367,0.9133939706077967,0.9959696943796924,250,519,12,162745,262,769,0.470262,47.03
Logistic_Regression_SMOTENC,validation,0.26,0.9969790736641269,0.34153005464480873,0.9541984732824428,0.5030181086519114,0.9133939706077967,0.9959696943796924,250,482,12,162782,262,732,0.447635,44.76
Logistic_Regression_SMOTENC,validation,0.27,0.997150300258063,0.3547008547008547,0.950381679389313,0.516597510373444,0.9133939706077967,0.9959696943796924,249,453,13,162811,262,702,0.42929,42.93
Logistic_Regression_SMOTENC,validation,0.28,0.9972970659100082,0.3672566371681416,0.950381679389313,0.5297872340425532,0.9133939706077967,0.9959696943796924,249,429,13,162835,262,678,0.414613,41.46
Logistic_Regression_SMOTENC,validation,0.29,0.9975110991524284,0.38724727838258166,0.950381679389313,0.5502762430939226,0.9133939706077967,0.9959696943796924,249,394,13,162870,262,643,0.39321,39.32
Logistic_Regression_SMOTENC,validation,0.3,0.9976823257463645,0.40487804878048783,0.950381679389313,0.5678449258836944,0.9133939706077967,0.9959696943796924,249,366,13,162898,262,615,0.376087,37.61
Logistic_Regression_SMOTENC,validation,0.31,0.997822976162812,0.4206081081081081,0.950381679389313,0.5831381733021077,0.9133939706077967,0.9959696943796924,249,343,13,162921,262,592,0.362022,36.2
Logistic_Regression_SMOTENC,validation,0.32,0.9979636265792595,0.43738977072310403,0.9465648854961832,0.5983112183353438,0.9133939706077967,0.9959696943796924,248,319,14,162945,262,567,0.346734,34.67
Logistic_Regression_SMOTENC,validation,0.33,0.9980675855827208,0.4509090909090909,0.9465648854961832,0.6108374384236454,0.9133939706077967,0.9959696943796924,248,302,14,162962,262,550,0.336338,33.63
Logistic_Regression_SMOTENC,validation,0.34,0.9981715445861821,0.4652908067542214,0.9465648854961832,0.6238993710691824,0.9133939706077967,0.9959696943796924,248,285,14,162979,262,533,0.325942,32.59
Logistic_Regression_SMOTENC,validation,0.35,0.9982938492961364,0.4834307992202729,0.9465648854961832,0.64,0.9133939706077967,0.9959696943796924,248,265,14,162999,262,513,0.313712,31.37
Logistic_Regression_SMOTENC,validation,0.36,0.9983916930640999,0.49899396378269617,0.9465648854961832,0.6534914361001317,0.9133939706077967,0.9959696943796924,248,249,14,163015,262,497,0.303927,30.39
Logistic_Regression_SMOTENC,validation,0.37,0.9984834215965657,0.5145228215767634,0.9465648854961832,0.6666666666666666,0.9133939706077967,0.9959696943796924,248,234,14,163030,262,482,0.294754,29.48
Logistic_Regression_SMOTENC,validation,0.38,0.9985812653645292,0.5323275862068966,0.9427480916030534,0.6804407713498623,0.9133939706077967,0.9959696943796924,247,217,15,163047,262,464,0.283747,28.37
Logistic_Regression_SMOTENC,validation,0.39,0.9986546481905019,0.5464601769911505,0.9427480916030534,0.6918767507002801,0.9133939706077967,0.9959696943796924,247,205,15,163059,262,452,0.276409,27.64
Logistic_Regression_SMOTENC,validation,0.4,0.9987219157809767,0.5603644646924829,0.9389312977099237,0.7018544935805991,0.9133939706077967,0.9959696943796924,246,193,16,163071,262,439,0.268459,26.85
Logistic_Regression_SMOTENC,validation,0.41,0.9988136443134426,0.5801886792452831,0.9389312977099237,0.717201166180758,0.9133939706077967,0.9959696943796924,246,178,16,163086,262,424,0.259286,25.93
Logistic_Regression_SMOTENC,validation,0.42,0.9988747966684197,0.5946601941747572,0.9351145038167938,0.7270029673590505,0.9133939706077967,0.9959696943796924,245,167,17,163097,262,412,0.251948,25.19
Logistic_Regression_SMOTENC,validation,0.43,0.9989542947298901,0.6146095717884131,0.9312977099236641,0.7405159332321699,0.9133939706077967,0.9959696943796924,244,153,18,163111,262,397,0.242775,24.28
Logistic_Regression_SMOTENC,validation,0.44,0.9990032166138718,0.6272493573264781,0.9312977099236641,0.7496159754224271,0.9133939706077967,0.9959696943796924,244,145,18,163119,262,389,0.237883,23.79
Logistic_Regression_SMOTENC,validation,0.45,0.9990827146753422,0.648936170212766,0.9312977099236641,0.7648902821316614,0.9133939706077967,0.9959696943796924,244,132,18,163132,262,376,0.229933,22.99
Logistic_Regression_SMOTENC,validation,0.46,0.9991132908528307,0.6585365853658537,0.9274809160305344,0.7702060221870047,0.9133939706077967,0.9959696943796924,243,126,19,163138,262,369,0.225652,22.57
Logistic_Regression_SMOTENC,validation,0.47,0.9991683279723103,0.675,0.9274809160305344,0.7813504823151125,0.9133939706077967,0.9959696943796924,243,117,19,163147,262,360,0.220148,22.01
Logistic_Regression_SMOTENC,validation,0.48,0.9992111346207943,0.6894586894586895,0.9236641221374046,0.7895595432300163,0.9133939706077967,0.9959696943796924,242,109,20,163155,262,351,0.214645,21.46
Logistic_Regression_SMOTENC,validation,0.49,0.9992417107982828,0.6994219653179191,0.9236641221374046,0.7960526315789473,0.9133939706077967,0.9959696943796924,242,104,20,163160,262,346,0.211587,21.16
Logistic_Regression_SMOTENC,validation,0.5,0.9992784022112692,0.711764705882353,0.9236641221374046,0.8039867109634552,0.9133939706077967,0.9959696943796924,242,98,20,163166,262,340,0.207918,20.79
Logistic_Regression_SMOTENC,validation,0.51,0.9992967479177624,0.7181008902077152,0.9236641221374046,0.8080133555926544,0.9133939706077967,0.9959696943796924,242,95,20,163169,262,337,0.206083,20.61
Logistic_Regression_SMOTENC,validation,0.52,0.9993212088597532,0.7267267267267268,0.9236641221374046,0.8134453781512605,0.9133939706077967,0.9959696943796924,242,91,20,163173,262,333,0.203637,20.36
Logistic_Regression_SMOTENC,validation,0.53,0.9993640155082372,0.7423312883435583,0.9236641221374046,0.8231292517006803,0.9133939706077967,0.9959696943796924,242,84,20,163180,262,326,0.199357,19.94
Logistic_Regression_SMOTENC,validation,0.54,0.9994068221567213,0.7619047619047619,0.916030534351145,0.8318890814558059,0.9133939706077967,0.9959696943796924,240,75,22,163189,262,315,0.19263,19.26
Logistic_Regression_SMOTENC,validation,0.55,0.9994373983342099,0.7741935483870968,0.916030534351145,0.8391608391608392,0.9133939706077967,0.9959696943796924,240,70,22,163194,262,310,0.189572,18.96
Logistic_Regression_SMOTENC,validation,0.56,0.9994618592762007,0.7843137254901961,0.916030534351145,0.8450704225352113,0.9133939706077967,0.9959696943796924,240,66,22,163198,262,306,0.187126,18.71
Logistic_Regression_SMOTENC,validation,0.57,0.9994618592762007,0.7861842105263158,0.9122137404580153,0.8445229681978799,0.9133939706077967,0.9959696943796924,239,65,23,163199,262,304,0.185903,18.59
Logistic_Regression_SMOTENC,validation,0.58,0.9994679745116984,0.7906976744186046,0.9083969465648855,0.8454706927175843,0.9133939706077967,0.9959696943796924,238,63,24,163201,262,301,0.184069,18.41
Logistic_Regression_SMOTENC,validation,0.59,0.9994863202181916,0.7986577181208053,0.9083969465648855,0.85,0.9133939706077967,0.9959696943796924,238,60,24,163204,262,298,0.182234,18.22
Logistic_Regression_SMOTENC,validation,0.6,0.9994924354536894,0.8013468013468014,0.9083969465648855,0.851520572450805,0.9133939706077967,0.9959696943796924,238,59,24,163205,262,297,0.181622,18.16
Logistic_Regression_SMOTENC,validation,0.61,0.999498550689187,0.8040540540540541,0.9083969465648855,0.8530465949820788,0.9133939706077967,0.9959696943796924,238,58,24,163206,262,296,0.181011,18.1
Logistic_Regression_SMOTENC,validation,0.62,0.999498550689187,0.8061224489795918,0.9045801526717557,0.8525179856115108,0.9133939706077967,0.9959696943796924,237,57,25,163207,262,294,0.179788,17.98
Logistic_Regression_SMOTENC,validation,0.63,0.9995168963956802,0.8144329896907216,0.9045801526717557,0.8571428571428571,0.9133939706077967,0.9959696943796924,237,54,25,163210,262,291,0.177953,17.8
Logistic_Regression_SMOTENC,validation,0.64,0.9995352421021734,0.8229166666666666,0.9045801526717557,0.8618181818181818,0.9133939706077967,0.9959696943796924,237,51,25,163213,262,288,0.176119,17.61
Logistic_Regression_SMOTENC,validation,0.65,0.999541357337671,0.8257839721254355,0.9045801526717557,0.8633879781420765,0.9133939706077967,0.9959696943796924,237,50,25,163214,262,287,0.175507,17.55
Logistic_Regression_SMOTENC,validation,0.66,0.9995291268666756,0.8245614035087719,0.8969465648854962,0.8592321755027422,0.9133939706077967,0.9959696943796924,235,50,27,163214,262,285,0.174284,17.43
Logistic_Regression_SMOTENC,validation,0.67,0.999523011631178,0.823943661971831,0.8931297709923665,0.8571428571428571,0.9133939706077967,0.9959696943796924,234,50,28,163214,262,284,0.173673,17.37
Logistic_Regression_SMOTENC,validation,0.68,0.9995291268666756,0.8268551236749117,0.8931297709923665,0.8587155963302753,0.9133939706077967,0.9959696943796924,234,49,28,163215,262,283,0.173061,17.31
Logistic_Regression_SMOTENC,validation,0.69,0.9995352421021734,0.8297872340425532,0.8931297709923665,0.8602941176470589,0.9133939706077967,0.9959696943796924,234,48,28,163216,262,282,0.17245,17.24
Logistic_Regression_SMOTENC,validation,0.7,0.9995535878086665,0.8387096774193549,0.8931297709923665,0.8650646950092421,0.9133939706077967,0.9959696943796924,234,45,28,163219,262,279,0.170615,17.06
Logistic_Regression_SMOTENC,validation,0.71,0.9995535878086665,0.8411552346570397,0.8893129770992366,0.8645640074211502,0.9133939706077967,0.9959696943796924,233,44,29,163220,262,277,0.169392,16.94
Logistic_Regression_SMOTENC,validation,0.72,0.999565818279662,0.8472727272727273,0.8893129770992366,0.8677839851024208,0.9133939706077967,0.9959696943796924,233,42,29,163222,262,275,0.168169,16.82
Logistic_Regression_SMOTENC,validation,0.73,0.9995719335151597,0.8503649635036497,0.8893129770992366,0.8694029850746269,0.9133939706077967,0.9959696943796924,233,41,29,163223,262,274,0.167557,16.76
Logistic_Regression_SMOTENC,validation,0.74,0.9995719335151597,0.8503649635036497,0.8893129770992366,0.8694029850746269,0.9133939706077967,0.9959696943796924,233,41,29,163223,262,274,0.167557,16.76
Logistic_Regression_SMOTENC,validation,0.75,0.9995780487506574,0.8534798534798534,0.8893129770992366,0.8710280373831776,0.9133939706077967,0.9959696943796924,233,40,29,163224,262,273,0.166946,16.69
Logistic_Regression_SMOTENC,validation,0.76,0.9995780487506574,0.8560885608856088,0.8854961832061069,0.8705440900562852,0.9133939706077967,0.9959696943796924,232,39,30,163225,262,271,0.165723,16.57
Logistic_Regression_SMOTENC,validation,0.77,0.999565818279662,0.8576779026217228,0.8740458015267175,0.8657844990548205,0.9133939706077967,0.9959696943796924,229,38,33,163226,262,267,0.163277,16.33
Logistic_Regression_SMOTENC,validation,0.78,0.9995535878086665,0.8566037735849057,0.8664122137404581,0.8614800759013282,0.9133939706077967,0.9959696943796924,227,38,35,163226,262,265,0.162054,16.21
Logistic_Regression_SMOTENC,validation,0.79,0.9995535878086665,0.8566037735849057,0.8664122137404581,0.8614800759013282,0.9133939706077967,0.9959696943796924,227,38,35,163226,262,265,0.162054,16.21
Logistic_Regression_SMOTENC,validation,0.8,0.9995535878086665,0.8566037735849057,0.8664122137404581,0.8614800759013282,0.9133939706077967,0.9959696943796924,227,38,35,163226,262,265,0.162054,16.21
Logistic_Regression_SMOTENC,validation,0.81,0.9995352421021734,0.8549618320610687,0.8549618320610687,0.8549618320610687,0.9133939706077967,0.9959696943796924,224,38,38,163226,262,262,0.160219,16.02
Logistic_Regression_SMOTENC,validation,0.82,0.999523011631178,0.8538461538461538,0.8473282442748091,0.8505747126436781,0.9133939706077967,0.9959696943796924,222,38,40,163226,262,260,0.158996,15.9
Logistic_Regression_SMOTENC,validation,0.83,0.999523011631178,0.8565891472868217,0.8435114503816794,0.85,0.9133939706077967,0.9959696943796924,221,37,41,163227,262,258,0.157773,15.78
Logistic_Regression_SMOTENC,validation,0.84,0.999523011631178,0.859375,0.8396946564885496,0.8494208494208494,0.9133939706077967,0.9959696943796924,220,36,42,163228,262,256,0.15655,15.66
Logistic_Regression_SMOTENC,validation,0.85,0.999541357337671,0.8695652173913043,0.8396946564885496,0.8543689320388349,0.9133939706077967,0.9959696943796924,220,33,42,163231,262,253,0.154715,15.47
Logistic_Regression_SMOTENC,validation,0.86,0.9995474725731688,0.873015873015873,0.8396946564885496,0.8560311284046692,0.9133939706077967,0.9959696943796924,220,32,42,163232,262,252,0.154104,15.41
Logistic_Regression_SMOTENC,validation,0.87,0.9995352421021734,0.872,0.8320610687022901,0.8515625,0.9133939706077967,0.9959696943796924,218,32,44,163232,262,250,0.152881,15.29
Logistic_Regression_SMOTENC,validation,0.88,0.999523011631178,0.8709677419354839,0.8244274809160306,0.8470588235294118,0.9133939706077967,0.9959696943796924,216,32,46,163232,262,248,0.151658,15.17
Logistic_Regression_SMOTENC,validation,0.89,0.9995291268666756,0.8744939271255061,0.8244274809160306,0.8487229862475442,0.9133939706077967,0.9959696943796924,216,31,46,163233,262,247,0.151046,15.1
Logistic_Regression_SMOTENC,validation,0.9,0.999523011631178,0.8801652892561983,0.8129770992366412,0.8452380952380952,0.9133939706077967,0.9959696943796924,213,29,49,163235,262,242,0.147989,14.8
Logistic_Regression_SMOTENC,validation,0.91,0.999523011631178,0.8833333333333333,0.8091603053435115,0.8446215139442231,0.9133939706077967,0.9959696943796924,212,28,50,163236,262,240,0.146766,14.68
Logistic_Regression_SMOTENC,validation,0.92,0.9995168963956802,0.8860759493670886,0.8015267175572519,0.8416833667334669,0.9133939706077967,0.9959696943796924,210,27,52,163237,262,237,0.144931,14.49
Logistic_Regression_SMOTENC,validation,0.93,0.9995107811601824,0.8956521739130435,0.7862595419847328,0.8373983739837398,0.9133939706077967,0.9959696943796924,206,24,56,163240,262,230,0.14065,14.07
Logistic_Regression_SMOTENC,validation,0.94,0.9995168963956802,0.9066666666666666,0.7786259541984732,0.837782340862423,0.9133939706077967,0.9959696943796924,204,21,58,163243,262,225,0.137593,13.76
Logistic_Regression_SMOTENC,validation,0.95,0.9994863202181916,0.9045454545454545,0.7595419847328244,0.8257261410788381,0.9133939706077967,0.9959696943796924,199,21,63,163243,262,220,0.134535,13.45
Logistic_Regression_SMOTENC,validation,0.96,0.9994740897471962,0.9230769230769231,0.732824427480916,0.8170212765957446,0.9133939706077967,0.9959696943796924,192,16,70,163248,262,208,0.127197,12.72
Logistic_Regression_SMOTENC,validation,0.97,0.9994435135697076,0.934010152284264,0.7022900763358778,0.8017429193899782,0.9133939706077967,0.9959696943796924,184,13,78,163251,262,197,0.12047,12.05
Logistic_Regression_SMOTENC,validation,0.98,0.9994068221567213,0.9661016949152542,0.6526717557251909,0.7790432801822323,0.9133939706077967,0.9959696943796924,171,6,91,163258,262,177,0.10824,10.82
Logistic_Regression_SMOTENC,validation,0.99,0.9993273240952509,0.9935064935064936,0.583969465648855,0.7355769230769231,0.9133939706077967,0.9959696943796924,153,1,109,163263,262,154,0.094175,9.42
Random_Forest_class_weight,validation,0.01,0.9853112043344789,0.09622641509433963,0.9732824427480916,0.17513736263736263,0.9458114623244509,0.9949490671784154,255,2395,7,160869,262,2650,1.620537,162.05
Random_Forest_class_weight,validation,0.02,0.9937135379083448,0.19984326018808776,0.9732824427480916,0.33159947984395316,0.9458114623244509,0.9949490671784154,255,1021,7,162243,262,1276,0.780304,78.03
Random_Forest_class_weight,validation,0.03,0.9955786847351491,0.26212590299277605,0.9694656488549618,0.41267262388302195,0.9458114623244509,0.9949490671784154,254,715,8,162549,262,969,0.592566,59.26
Random_Forest_class_weight,validation,0.04,0.9969913041351223,0.34289617486338797,0.9580152671755725,0.5050301810865191,0.9458114623244509,0.9949490671784154,251,481,11,162783,262,732,0.447635,44.76
Random_Forest_class_weight,validation,0.05,0.9975110991524284,0.38794435857805254,0.9580152671755725,0.5522552255225522,0.9458114623244509,0.9949490671784154,251,396,11,162868,262,647,0.395656,39.57
Random_Forest_class_weight,validation,0.06,0.998018663698739,0.4450354609929078,0.9580152671755725,0.6077481840193705,0.9458114623244509,0.9949490671784154,251,313,11,162951,262,564,0.344899,34.49
Random_Forest_class_weight,validation,0.07,0.9983794625931045,0.4970178926441352,0.9541984732824428,0.6535947712418301,0.9458114623244509,0.9949490671784154,250,253,12,163011,262,503,0.307596,30.76
Random_Forest_class_weight,validation,0.08,0.9986118415420178,0.5376344086021505,0.9541984732824428,0.687757909215956,0.9458114623244509,0.9949490671784154,250,215,12,163049,262,465,0.284358,28.44
Random_Forest_class_weight,validation,0.09,0.9988136443134426,0.5787037037037037,0.9541984732824428,0.7204610951008645,0.9458114623244509,0.9949490671784154,250,182,12,163082,262,432,0.264178,26.42
Random_Forest_class_weight,validation,0.1,0.9989053728459083,0.6004842615012107,0.9465648854961832,0.7348148148148148,0.9458114623244509,0.9949490671784154,248,165,14,163099,262,413,0.252559,25.26
Random_Forest_class_weight,validation,0.11,0.9990337927913604,0.6326530612244898,0.9465648854961832,0.7584097859327217,0.9458114623244509,0.9949490671784154,248,144,14,163120,262,392,0.239717,23.97
Random_Forest_class_weight,validation,0.12,0.9990888299108399,0.6482939632545932,0.9427480916030534,0.7682737169517885,0.9458114623244509,0.9949490671784154,247,134,15,163130,262,381,0.23299,23.3
Random_Forest_class_weight,validation,0.13,0.9991499822658171,0.6666666666666666,0.9389312977099237,0.7797147385103012,0.9458114623244509,0.9949490671784154,246,123,16,163141,262,369,0.225652,22.57
Random_Forest_class_weight,validation,0.14,0.9992050193852965,0.6833333333333333,0.9389312977099237,0.7909967845659164,0.9458114623244509,0.9949490671784154,246,114,16,163150,262,360,0.220148,22.01
Random_Forest_class_weight,validation,0.15,0.9992233650917897,0.6890756302521008,0.9389312977099237,0.7948303715670436,0.9458114623244509,0.9949490671784154,246,111,16,163153,262,357,0.218314,21.83
Random_Forest_class_weight,validation,0.16,0.9992967479177624,0.7130434782608696,0.9389312977099237,0.8105436573311368,0.9458114623244509,0.9949490671784154,246,99,16,163165,262,345,0.210976,21.1
Random_Forest_class_weight,validation,0.17,0.99930286315326,0.716374269005848,0.9351145038167938,0.8112582781456954,0.9458114623244509,0.9949490671784154,245,97,17,163167,262,342,0.209141,20.91
Random_Forest_class_weight,validation,0.18,0.9993212088597532,0.7227138643067846,0.9351145038167938,0.8153078202995009,0.9458114623244509,0.9949490671784154,245,94,17,163170,262,339,0.207306,20.73
Random_Forest_class_weight,validation,0.19,0.9993517850372418,0.7335329341317365,0.9351145038167938,0.8221476510067114,0.9458114623244509,0.9949490671784154,245,89,17,163175,262,334,0.204249,20.42
Random_Forest_class_weight,validation,0.2,0.9993701307437349,0.7416413373860182,0.9312977099236641,0.8257191201353637,0.9458114623244509,0.9949490671784154,244,85,18,163179,262,329,0.201191,20.12
Random_Forest_class_weight,validation,0.21,0.9994129373922189,0.7577639751552795,0.9312977099236641,0.8356164383561644,0.9458114623244509,0.9949490671784154,244,78,18,163186,262,322,0.196911,19.69
Random_Forest_class_weight,validation,0.22,0.9994435135697076,0.7697160883280757,0.9312977099236641,0.842832469775475,0.9458114623244509,0.9949490671784154,244,73,18,163191,262,317,0.193853,19.39
Random_Forest_class_weight,validation,0.23,0.9994802049826939,0.7845659163987139,0.9312977099236641,0.8516579406631762,0.9458114623244509,0.9949490671784154,244,67,18,163197,262,311,0.190184,19.02
Random_Forest_class_weight,validation,0.24,0.999523011631178,0.8026315789473685,0.9312977099236641,0.8621908127208481,0.9458114623244509,0.9949490671784154,244,60,18,163204,262,304,0.185903,18.59
Random_Forest_class_weight,validation,0.25,0.999541357337671,0.8106312292358804,0.9312977099236641,0.866785079928952,0.9458114623244509,0.9949490671784154,244,57,18,163207,262,301,0.184069,18.41
Random_Forest_class_weight,validation,0.26,0.999565818279662,0.8215488215488216,0.9312977099236641,0.8729874776386404,0.9458114623244509,0.9949490671784154,244,53,18,163211,262,297,0.181622,18.16
Random_Forest_class_weight,validation,0.27,0.9995841639861551,0.8299319727891157,0.9312977099236641,0.8776978417266187,0.9458114623244509,0.9949490671784154,244,50,18,163214,262,294,0.179788,17.98
Random_Forest_class_weight,validation,0.28,0.9995902792216528,0.8350515463917526,0.9274809160305344,0.8788426763110307,0.9458114623244509,0.9949490671784154,243,48,19,163216,262,291,0.177953,17.8
Random_Forest_class_weight,validation,0.29,0.9995963944571505,0.8402777777777778,0.9236641221374046,0.88,0.9458114623244509,0.9949490671784154,242,46,20,163218,262,288,0.176119,17.61
Random_Forest_class_weight,validation,0.3,0.9996208553991415,0.852112676056338,0.9236641221374046,0.8864468864468864,0.9458114623244509,0.9949490671784154,242,42,20,163222,262,284,0.173673,17.37
Random_Forest_class_weight,validation,0.31,0.9996208553991415,0.852112676056338,0.9236641221374046,0.8864468864468864,0.9458114623244509,0.9949490671784154,242,42,20,163222,262,284,0.173673,17.37
Random_Forest_class_weight,validation,0.32,0.9996208553991415,0.852112676056338,0.9236641221374046,0.8864468864468864,0.9458114623244509,0.9949490671784154,242,42,20,163222,262,284,0.173673,17.37
Random_Forest_class_weight,validation,0.33,0.9996330858701369,0.8607142857142858,0.9198473282442748,0.8892988929889298,0.9458114623244509,0.9949490671784154,241,39,21,163225,262,280,0.171227,17.12
Random_Forest_class_weight,validation,0.34,0.9996330858701369,0.8633093525179856,0.916030534351145,0.8888888888888888,0.9458114623244509,0.9949490671784154,240,38,22,163226,262,278,0.170004,17.0
Random_Forest_class_weight,validation,0.35,0.9996453163411323,0.8695652173913043,0.916030534351145,0.8921933085501859,0.9458114623244509,0.9949490671784154,240,36,22,163228,262,276,0.16878,16.88
Random_Forest_class_weight,validation,0.36,0.9996453163411323,0.8695652173913043,0.916030534351145,0.8921933085501859,0.9458114623244509,0.9949490671784154,240,36,22,163228,262,276,0.16878,16.88
Random_Forest_class_weight,validation,0.37,0.9996575468121277,0.8786764705882353,0.9122137404580153,0.8951310861423221,0.9458114623244509,0.9949490671784154,239,33,23,163231,262,272,0.166334,16.63
Random_Forest_class_weight,validation,0.38,0.9996636620476255,0.8847583643122676,0.9083969465648855,0.896421845574388,0.9458114623244509,0.9949490671784154,238,31,24,163233,262,269,0.1645,16.45
Random_Forest_class_weight,validation,0.39,0.9996758925186209,0.8913857677902621,0.9083969465648855,0.8998109640831758,0.9458114623244509,0.9949490671784154,238,29,24,163235,262,267,0.163277,16.33
Random_Forest_class_weight,validation,0.4,0.9996758925186209,0.8973384030418251,0.9007633587786259,0.8990476190476191,0.9458114623244509,0.9949490671784154,236,27,26,163237,262,263,0.160831,16.08
Random_Forest_class_weight,validation,0.41,0.9996820077541186,0.9007633587786259,0.9007633587786259,0.9007633587786259,0.9458114623244509,0.9949490671784154,236,26,26,163238,262,262,0.160219,16.02
Random_Forest_class_weight,validation,0.42,0.999694238225114,0.9076923076923077,0.9007633587786259,0.9042145593869731,0.9458114623244509,0.9949490671784154,236,24,26,163240,262,260,0.158996,15.9
Random_Forest_class_weight,validation,0.43,0.9997003534606118,0.9111969111969112,0.9007633587786259,0.9059500959692899,0.9458114623244509,0.9949490671784154,236,23,26,163241,262,259,0.158385,15.84
Random_Forest_class_weight,validation,0.44,0.9997186991671049,0.921875,0.9007633587786259,0.9111969111969112,0.9458114623244509,0.9949490671784154,236,20,26,163244,262,256,0.15655,15.66
Random_Forest_class_weight,validation,0.45,0.9997248144026026,0.9254901960784314,0.9007633587786259,0.9129593810444874,0.9458114623244509,0.9949490671784154,236,19,26,163245,262,255,0.155939,15.59
Random_Forest_class_weight,validation,0.46,0.9997186991671049,0.9251968503937008,0.8969465648854962,0.9108527131782945,0.9458114623244509,0.9949490671784154,235,19,27,163245,262,254,0.155327,15.53
Random_Forest_class_weight,validation,0.47,0.9997309296381004,0.9325396825396826,0.8969465648854962,0.914396887159533,0.9458114623244509,0.9949490671784154,235,17,27,163247,262,252,0.154104,15.41
Random_Forest_class_weight,validation,0.48,0.9997248144026026,0.9322709163346613,0.8931297709923665,0.9122807017543859,0.9458114623244509,0.9949490671784154,234,17,28,163247,262,251,0.153492,15.35
Random_Forest_class_weight,validation,0.49,0.9997248144026026,0.9357429718875502,0.8893129770992366,0.9119373776908023,0.9458114623244509,0.9949490671784154,233,16,29,163248,262,249,0.152269,15.23
Random_Forest_class_weight,validation,0.5,0.9997309296381004,0.9395161290322581,0.8893129770992366,0.9137254901960784,0.9458114623244509,0.9949490671784154,233,15,29,163249,262,248,0.151658,15.17
Random_Forest_class_weight,validation,0.51,0.999737044873598,0.9433198380566802,0.8893129770992366,0.9155206286836935,0.9458114623244509,0.9949490671784154,233,14,29,163250,262,247,0.151046,15.1
Random_Forest_class_weight,validation,0.52,0.9997553905800912,0.9549180327868853,0.8893129770992366,0.9209486166007905,0.9458114623244509,0.9949490671784154,233,11,29,163253,262,244,0.149212,14.92
Random_Forest_class_weight,validation,0.53,0.9997553905800912,0.9549180327868853,0.8893129770992366,0.9209486166007905,0.9458114623244509,0.9949490671784154,233,11,29,163253,262,244,0.149212,14.92
Random_Forest_class_weight,validation,0.54,0.9997676210510866,0.9628099173553719,0.8893129770992366,0.9246031746031746,0.9458114623244509,0.9949490671784154,233,9,29,163255,262,242,0.147989,14.8
Random_Forest_class_weight,validation,0.55,0.999761505815589,0.9626556016597511,0.8854961832061069,0.9224652087475149,0.9458114623244509,0.9949490671784154,232,9,30,163255,262,241,0.147377,14.74
Random_Forest_class_weight,validation,0.56,0.999761505815589,0.9626556016597511,0.8854961832061069,0.9224652087475149,0.9458114623244509,0.9949490671784154,232,9,30,163255,262,241,0.147377,14.74
Random_Forest_class_weight,validation,0.57,0.999761505815589,0.9626556016597511,0.8854961832061069,0.9224652087475149,0.9458114623244509,0.9949490671784154,232,9,30,163255,262,241,0.147377,14.74
Random_Forest_class_weight,validation,0.58,0.9997737362865844,0.9707112970711297,0.8854961832061069,0.9261477045908184,0.9458114623244509,0.9949490671784154,232,7,30,163257,262,239,0.146154,14.62
Random_Forest_class_weight,validation,0.59,0.9997798515220822,0.9747899159663865,0.8854961832061069,0.928,0.9458114623244509,0.9949490671784154,232,6,30,163258,262,238,0.145543,14.55
Random_Forest_class_weight,validation,0.6,0.9997798515220822,0.9747899159663865,0.8854961832061069,0.928,0.9458114623244509,0.9949490671784154,232,6,30,163258,262,238,0.145543,14.55
Random_Forest_class_weight,validation,0.61,0.9997859667575798,0.9789029535864979,0.8854961832061069,0.9298597194388778,0.9458114623244509,0.9949490671784154,232,5,30,163259,262,237,0.144931,14.49
Random_Forest_class_weight,validation,0.62,0.9997798515220822,0.9788135593220338,0.8816793893129771,0.927710843373494,0.9458114623244509,0.9949490671784154,231,5,31,163259,262,236,0.14432,14.43
Random_Forest_class_weight,validation,0.63,0.9997798515220822,0.9788135593220338,0.8816793893129771,0.927710843373494,0.9458114623244509,0.9949490671784154,231,5,31,163259,262,236,0.14432,14.43
Random_Forest_class_weight,validation,0.64,0.9997737362865844,0.987012987012987,0.8702290076335878,0.9249492900608519,0.9458114623244509,0.9949490671784154,228,3,34,163261,262,231,0.141262,14.13
Random_Forest_class_weight,validation,0.65,0.9997737362865844,0.987012987012987,0.8702290076335878,0.9249492900608519,0.9458114623244509,0.9949490671784154,228,3,34,163261,262,231,0.141262,14.13
Random_Forest_class_weight,validation,0.66,0.9997737362865844,0.9912663755458515,0.8664122137404581,0.924643584521385,0.9458114623244509,0.9949490671784154,227,2,35,163262,262,229,0.140039,14.0
Random_Forest_class_weight,validation,0.67,0.9997737362865844,0.9912663755458515,0.8664122137404581,0.924643584521385,0.9458114623244509,0.9949490671784154,227,2,35,163262,262,229,0.140039,14.0
Random_Forest_class_weight,validation,0.68,0.9997676210510866,0.9912280701754386,0.8625954198473282,0.9224489795918367,0.9458114623244509,0.9949490671784154,226,2,36,163262,262,228,0.139427,13.94
Random_Forest_class_weight,validation,0.69,0.9997676210510866,0.9912280701754386,0.8625954198473282,0.9224489795918367,0.9458114623244509,0.9949490671784154,226,2,36,163262,262,228,0.139427,13.94
Random_Forest_class_weight,validation,0.7,0.999761505815589,0.9911894273127754,0.8587786259541985,0.9202453987730062,0.9458114623244509,0.9949490671784154,225,2,37,163262,262,227,0.138816,13.88
Random_Forest_class_weight,validation,0.71,0.999761505815589,0.9955555555555555,0.8549618320610687,0.919917864476386,0.9458114623244509,0.9949490671784154,224,1,38,163263,262,225,0.137593,13.76
Random_Forest_class_weight,validation,0.72,0.999761505815589,0.9955555555555555,0.8549618320610687,0.919917864476386,0.9458114623244509,0.9949490671784154,224,1,38,163263,262,225,0.137593,13.76
Random_Forest_class_weight,validation,0.73,0.9997553905800912,0.9955357142857143,0.851145038167939,0.9176954732510288,0.9458114623244509,0.9949490671784154,223,1,39,163263,262,224,0.136981,13.7
Random_Forest_class_weight,validation,0.74,0.9997553905800912,0.9955357142857143,0.851145038167939,0.9176954732510288,0.9458114623244509,0.9949490671784154,223,1,39,163263,262,224,0.136981,13.7
Random_Forest_class_weight,validation,0.75,0.9997553905800912,0.9955357142857143,0.851145038167939,0.9176954732510288,0.9458114623244509,0.9949490671784154,223,1,39,163263,262,224,0.136981,13.7
Random_Forest_class_weight,validation,0.76,0.9997492753445936,0.9955156950672646,0.8473282442748091,0.9154639175257732,0.9458114623244509,0.9949490671784154,222,1,40,163263,262,223,0.13637,13.64
Random_Forest_class_weight,validation,0.77,0.999737044873598,0.995475113122172,0.8396946564885496,0.9109730848861284,0.9458114623244509,0.9949490671784154,220,1,42,163263,262,221,0.135147,13.51
Random_Forest_class_weight,validation,0.78,0.999737044873598,0.995475113122172,0.8396946564885496,0.9109730848861284,0.9458114623244509,0.9949490671784154,220,1,42,163263,262,221,0.135147,13.51
Random_Forest_class_weight,validation,0.79,0.999737044873598,0.995475113122172,0.8396946564885496,0.9109730848861284,0.9458114623244509,0.9949490671784154,220,1,42,163263,262,221,0.135147,13.51
Random_Forest_class_weight,validation,0.8,0.9997309296381004,0.9954545454545455,0.8358778625954199,0.9087136929460581,0.9458114623244509,0.9949490671784154,219,1,43,163263,262,220,0.134535,13.45
Random_Forest_class_weight,validation,0.81,0.9997064686961095,0.9953703703703703,0.8206106870229007,0.899581589958159,0.9458114623244509,0.9949490671784154,215,1,47,163263,262,216,0.132089,13.21
Random_Forest_class_weight,validation,0.82,0.9997064686961095,0.9953703703703703,0.8206106870229007,0.899581589958159,0.9458114623244509,0.9949490671784154,215,1,47,163263,262,216,0.132089,13.21
Random_Forest_class_weight,validation,0.83,0.9997064686961095,0.9953703703703703,0.8206106870229007,0.899581589958159,0.9458114623244509,0.9949490671784154,215,1,47,163263,262,216,0.132089,13.21
Random_Forest_class_weight,validation,0.84,0.9996820077541186,0.9952830188679245,0.8053435114503816,0.890295358649789,0.9458114623244509,0.9949490671784154,211,1,51,163263,262,212,0.129643,12.96
Random_Forest_class_weight,validation,0.85,0.9996820077541186,0.9952830188679245,0.8053435114503816,0.890295358649789,0.9458114623244509,0.9949490671784154,211,1,51,163263,262,212,0.129643,12.96
Random_Forest_class_weight,validation,0.86,0.9996820077541186,0.9952830188679245,0.8053435114503816,0.890295358649789,0.9458114623244509,0.9949490671784154,211,1,51,163263,262,212,0.129643,12.96
Random_Forest_class_weight,validation,0.87,0.9996697772831231,0.9952380952380953,0.7977099236641222,0.885593220338983,0.9458114623244509,0.9949490671784154,209,1,53,163263,262,210,0.12842,12.84
Random_Forest_class_weight,validation,0.88,0.9996575468121277,0.9951923076923077,0.7900763358778626,0.8808510638297873,0.9458114623244509,0.9949490671784154,207,1,55,163263,262,208,0.127197,12.72
Random_Forest_class_weight,validation,0.89,0.9996575468121277,0.9951923076923077,0.7900763358778626,0.8808510638297873,0.9458114623244509,0.9949490671784154,207,1,55,163263,262,208,0.127197,12.72
Random_Forest_class_weight,validation,0.9,0.9996575468121277,0.9951923076923077,0.7900763358778626,0.8808510638297873,0.9458114623244509,0.9949490671784154,207,1,55,163263,262,208,0.127197,12.72
Random_Forest_class_weight,validation,0.91,0.9996330858701369,0.9950980392156863,0.7748091603053435,0.871244635193133,0.9458114623244509,0.9949490671784154,203,1,59,163263,262,204,0.124751,12.48
Random_Forest_class_weight,validation,0.92,0.9996269706346391,0.9950738916256158,0.7709923664122137,0.8688172043010752,0.9458114623244509,0.9949490671784154,202,1,60,163263,262,203,0.124139,12.41
Random_Forest_class_weight,validation,0.93,0.9996208553991415,0.995049504950495,0.767175572519084,0.8663793103448276,0.9458114623244509,0.9949490671784154,201,1,61,163263,262,202,0.123528,12.35
Random_Forest_class_weight,validation,0.94,0.9996147401636437,0.9950248756218906,0.7633587786259542,0.8639308855291576,0.9458114623244509,0.9949490671784154,200,1,62,163263,262,201,0.122916,12.29
Random_Forest_class_weight,validation,0.95,0.9995719335151597,0.9948453608247423,0.7366412213740458,0.8464912280701754,0.9458114623244509,0.9949490671784154,193,1,69,163263,262,194,0.118636,11.86
Random_Forest_class_weight,validation,0.96,0.9995291268666756,0.9946524064171123,0.7099236641221374,0.8285077951002228,0.9458114623244509,0.9949490671784154,186,1,76,163263,262,187,0.114355,11.44
Random_Forest_class_weight,validation,0.97,0.9993823612147303,0.9938650306748467,0.6183206106870229,0.7623529411764706,0.9458114623244509,0.9949490671784154,162,1,100,163263,262,163,0.099678,9.97
Random_Forest_class_weight,validation,0.98,0.9992417107982828,1.0,0.5267175572519084,0.69,0.9458114623244509,0.9949490671784154,138,0,124,163264,262,138,0.08439,8.44
Random_Forest_class_weight,validation,0.99,0.9989909861428764,1.0,0.3702290076335878,0.5403899721448467,0.9458114623244509,0.9949490671784154,97,0,165,163264,262,97,0.059318,5.93
Random_Forest_SMOTENC,validation,0.01,0.955689003583528,0.03489611081513053,1.0,0.06743886743886744,0.9461975183244737,0.9993567997208098,262,7246,0,156018,262,7508,4.591319,459.13
Random_Forest_SMOTENC,validation,0.02,0.9800765627484315,0.07370517928286853,0.9885496183206107,0.1371822033898305,0.9461975183244737,0.9993567997208098,259,3255,3,160009,262,3514,2.148894,214.89
Random_Forest_SMOTENC,validation,0.03,0.9877511832980688,0.11431103234381923,0.9847328244274809,0.20484319174275506,0.9461975183244737,0.9993567997208098,258,1999,4,161265,262,2257,1.380209,138.02
Random_Forest_SMOTENC,validation,0.04,0.9908699534019055,0.14606095457159288,0.9694656488549618,0.2538730634682659,0.9461975183244737,0.9993567997208098,254,1485,8,161779,262,1739,1.063439,106.34
Random_Forest_SMOTENC,validation,0.05,0.9929002115871483,0.18052594171997158,0.9694656488549618,0.3043738765727981,0.9461975183244737,0.9993567997208098,254,1153,8,162111,262,1407,0.860414,86.04
Random_Forest_SMOTENC,validation,0.06,0.994276139574135,0.21489001692047377,0.9694656488549618,0.3518005540166205,0.9461975183244737,0.9993567997208098,254,928,8,162336,262,1182,0.722821,72.28
Random_Forest_SMOTENC,validation,0.07,0.9952851534312587,0.24926108374384237,0.9656488549618321,0.3962411902897416,0.9461975183244737,0.9993567997208098,253,762,9,162502,262,1015,0.620696,62.07
Random_Forest_SMOTENC,validation,0.08,0.9960128664554873,0.28236607142857145,0.9656488549618321,0.4369602763385147,0.9461975183244737,0.9993567997208098,253,643,9,162621,262,896,0.547925,54.79
Random_Forest_SMOTENC,validation,0.09,0.9965143157663001,0.3108108108108108,0.9656488549618321,0.47026022304832715,0.9461975183244737,0.9993567997208098,253,561,9,162703,262,814,0.49778,49.78
Random_Forest_SMOTENC,validation,0.1,0.9969179213091496,0.3382352941176471,0.9656488549618321,0.500990099009901,0.9461975183244737,0.9993567997208098,253,495,9,162769,262,748,0.45742,45.74
Random_Forest_SMOTENC,validation,0.11,0.9973031811455059,0.36934306569343067,0.9656488549618321,0.5343189017951425,0.9461975183244737,0.9993567997208098,253,432,9,162832,262,685,0.418894,41.89
Random_Forest_SMOTENC,validation,0.12,0.9975233296234238,0.3898305084745763,0.9656488549618321,0.5554335894621295,0.9461975183244737,0.9993567997208098,253,396,9,162868,262,649,0.396879,39.69
Random_Forest_SMOTENC,validation,0.13,0.9978352066338074,0.4228187919463087,0.9618320610687023,0.5874125874125874,0.9461975183244737,0.9993567997208098,252,344,10,162920,262,596,0.364468,36.45
Random_Forest_SMOTENC,validation,0.14,0.9981042769957071,0.45652173913043476,0.9618320610687023,0.6191646191646192,0.9461975183244737,0.9993567997208098,252,300,10,162964,262,552,0.337561,33.76
Random_Forest_SMOTENC,validation,0.15,0.9982510426476524,0.47718631178707227,0.9580152671755725,0.6370558375634517,0.9461975183244737,0.9993567997208098,251,275,11,162989,262,526,0.321661,32.17
Random_Forest_SMOTENC,validation,0.16,0.9983488864156158,0.4921259842519685,0.9541984732824428,0.6493506493506493,0.9461975183244737,0.9993567997208098,250,258,12,163006,262,508,0.310654,31.07
Random_Forest_SMOTENC,validation,0.17,0.9984589606545748,0.5102040816326531,0.9541984732824428,0.6648936170212766,0.9461975183244737,0.9993567997208098,250,240,12,163024,262,490,0.299647,29.96
Random_Forest_SMOTENC,validation,0.18,0.9985568044225384,0.527542372881356,0.950381679389313,0.6784741144414169,0.9461975183244737,0.9993567997208098,249,223,13,163041,262,472,0.288639,28.86
Random_Forest_SMOTENC,validation,0.19,0.9986913396034881,0.5533333333333333,0.950381679389313,0.699438202247191,0.9461975183244737,0.9993567997208098,249,201,13,163063,262,450,0.275186,27.52
Random_Forest_SMOTENC,validation,0.2,0.9987708376649584,0.5697940503432495,0.950381679389313,0.7124463519313304,0.9461975183244737,0.9993567997208098,249,188,13,163076,262,437,0.267236,26.72
Random_Forest_SMOTENC,validation,0.21,0.9988809119039174,0.594272076372315,0.950381679389313,0.7312775330396476,0.9461975183244737,0.9993567997208098,249,170,13,163094,262,419,0.256228,25.62
Random_Forest_SMOTENC,validation,0.22,0.998997101378374,0.6225,0.950381679389313,0.7522658610271903,0.9461975183244737,0.9993567997208098,249,151,13,163113,262,400,0.244609,24.46
Random_Forest_SMOTENC,validation,0.23,0.9990704842043467,0.6424870466321243,0.9465648854961832,0.7654320987654321,0.9461975183244737,0.9993567997208098,248,138,14,163126,262,386,0.236048,23.6
Random_Forest_SMOTENC,validation,0.24,0.9991560975013147,0.6666666666666666,0.9465648854961832,0.7823343848580442,0.9461975183244737,0.9993567997208098,248,124,14,163140,262,372,0.227487,22.75
Random_Forest_SMOTENC,validation,0.25,0.9992294803272874,0.6910112359550562,0.9389312977099237,0.7961165048543689,0.9461975183244737,0.9993567997208098,246,110,16,163154,262,356,0.217702,21.77
Random_Forest_SMOTENC,validation,0.26,0.9992539412692782,0.7,0.9351145038167938,0.8006535947712419,0.9461975183244737,0.9993567997208098,245,105,17,163159,262,350,0.214033,21.4
Random_Forest_SMOTENC,validation,0.27,0.9992784022112692,0.7093023255813954,0.9312977099236641,0.8052805280528053,0.9461975183244737,0.9993567997208098,244,100,18,163164,262,344,0.210364,21.04
Random_Forest_SMOTENC,validation,0.28,0.9993212088597532,0.7267267267267268,0.9236641221374046,0.8134453781512605,0.9461975183244737,0.9993567997208098,242,91,20,163173,262,333,0.203637,20.36
Random_Forest_SMOTENC,validation,0.29,0.9993884764502281,0.7515527950310559,0.9236641221374046,0.8287671232876712,0.9461975183244737,0.9993567997208098,242,80,20,163184,262,322,0.196911,19.69
Random_Forest_SMOTENC,validation,0.3,0.9994251678632144,0.7658227848101266,0.9236641221374046,0.8373702422145328,0.9461975183244737,0.9993567997208098,242,74,20,163190,262,316,0.193241,19.32
Random_Forest_SMOTENC,validation,0.31,0.9994679745116984,0.7831715210355987,0.9236641221374046,0.8476357267950964,0.9461975183244737,0.9993567997208098,242,67,20,163197,262,309,0.188961,18.9
Random_Forest_SMOTENC,validation,0.32,0.9995107811601824,0.8013245033112583,0.9236641221374046,0.8581560283687943,0.9461975183244737,0.9993567997208098,242,60,20,163204,262,302,0.18468,18.47
Random_Forest_SMOTENC,validation,0.33,0.9995168963956802,0.8039867109634552,0.9236641221374046,0.8596802841918295,0.9461975183244737,0.9993567997208098,242,59,20,163205,262,301,0.184069,18.41
Random_Forest_SMOTENC,validation,0.34,0.999523011631178,0.8066666666666666,0.9236641221374046,0.8612099644128114,0.9461975183244737,0.9993567997208098,242,58,20,163206,262,300,0.183457,18.35
Random_Forest_SMOTENC,validation,0.35,0.9995291268666756,0.8114478114478114,0.9198473282442748,0.8622540250447227,0.9461975183244737,0.9993567997208098,241,56,21,163208,262,297,0.181622,18.16
Random_Forest_SMOTENC,validation,0.36,0.9995719335151597,0.8310344827586207,0.9198473282442748,0.8731884057971014,0.9461975183244737,0.9993567997208098,241,49,21,163215,262,290,0.177342,17.73
Random_Forest_SMOTENC,validation,0.37,0.9995780487506574,0.8339100346020761,0.9198473282442748,0.8747731397459165,0.9461975183244737,0.9993567997208098,241,48,21,163216,262,289,0.17673,17.67
Random_Forest_SMOTENC,validation,0.38,0.9996025096926483,0.8456140350877193,0.9198473282442748,0.8811700182815356,0.9461975183244737,0.9993567997208098,241,44,21,163220,262,285,0.174284,17.43
Random_Forest_SMOTENC,validation,0.39,0.999608624928146,0.851063829787234,0.916030534351145,0.8823529411764706,0.9461975183244737,0.9993567997208098,240,42,22,163222,262,282,0.17245,17.24
Random_Forest_SMOTENC,validation,0.4,0.9996208553991415,0.8571428571428571,0.916030534351145,0.8856088560885609,0.9461975183244737,0.9993567997208098,240,40,22,163224,262,280,0.171227,17.12
Random_Forest_SMOTENC,validation,0.41,0.9996269706346391,0.8602150537634409,0.916030534351145,0.8872458410351202,0.9461975183244737,0.9993567997208098,240,39,22,163225,262,279,0.170615,17.06
Random_Forest_SMOTENC,validation,0.42,0.9996147401636437,0.8592057761732852,0.9083969465648855,0.8831168831168831,0.9461975183244737,0.9993567997208098,238,39,24,163225,262,277,0.169392,16.94
Random_Forest_SMOTENC,validation,0.43,0.9996330858701369,0.8686131386861314,0.9083969465648855,0.8880597014925373,0.9461975183244737,0.9993567997208098,238,36,24,163228,262,274,0.167557,16.76
Random_Forest_SMOTENC,validation,0.44,0.9996514315766301,0.8782287822878229,0.9083969465648855,0.8930581613508443,0.9461975183244737,0.9993567997208098,238,33,24,163231,262,271,0.165723,16.57
Random_Forest_SMOTENC,validation,0.45,0.9996514315766301,0.8782287822878229,0.9083969465648855,0.8930581613508443,0.9461975183244737,0.9993567997208098,238,33,24,163231,262,271,0.165723,16.57
Random_Forest_SMOTENC,validation,0.46,0.9996636620476255,0.8847583643122676,0.9083969465648855,0.896421845574388,0.9461975183244737,0.9993567997208098,238,31,24,163233,262,269,0.1645,16.45
Random_Forest_SMOTENC,validation,0.47,0.9996820077541186,0.8947368421052632,0.9083969465648855,0.9015151515151515,0.9461975183244737,0.9993567997208098,238,28,24,163236,262,266,0.162665,16.27
Random_Forest_SMOTENC,validation,0.48,0.999694238225114,0.9015151515151515,0.9083969465648855,0.9049429657794676,0.9461975183244737,0.9993567997208098,238,26,24,163238,262,264,0.161442,16.14
Random_Forest_SMOTENC,validation,0.49,0.9996881229896163,0.9011406844106464,0.9045801526717557,0.9028571428571428,0.9461975183244737,0.9993567997208098,237,26,25,163238,262,263,0.160831,16.08
Random_Forest_SMOTENC,validation,0.5,0.9996820077541186,0.9007633587786259,0.9007633587786259,0.9007633587786259,0.9461975183244737,0.9993567997208098,236,26,26,163238,262,262,0.160219,16.02
Random_Forest_SMOTENC,validation,0.51,0.999694238225114,0.9076923076923077,0.9007633587786259,0.9042145593869731,0.9461975183244737,0.9993567997208098,236,24,26,163240,262,260,0.158996,15.9
Random_Forest_SMOTENC,validation,0.52,0.9997003534606118,0.914396887159533,0.8969465648854962,0.905587668593449,0.9461975183244737,0.9993567997208098,235,22,27,163242,262,257,0.157162,15.72
Random_Forest_SMOTENC,validation,0.53,0.9997125839316072,0.9215686274509803,0.8969465648854962,0.9090909090909091,0.9461975183244737,0.9993567997208098,235,20,27,163244,262,255,0.155939,15.59
Random_Forest_SMOTENC,validation,0.54,0.9997125839316072,0.9215686274509803,0.8969465648854962,0.9090909090909091,0.9461975183244737,0.9993567997208098,235,20,27,163244,262,255,0.155939,15.59
Random_Forest_SMOTENC,validation,0.55,0.9997186991671049,0.9251968503937008,0.8969465648854962,0.9108527131782945,0.9461975183244737,0.9993567997208098,235,19,27,163245,262,254,0.155327,15.53
Random_Forest_SMOTENC,validation,0.56,0.9997248144026026,0.9288537549407114,0.8969465648854962,0.912621359223301,0.9461975183244737,0.9993567997208098,235,18,27,163246,262,253,0.154715,15.47
Random_Forest_SMOTENC,validation,0.57,0.9997248144026026,0.9322709163346613,0.8931297709923665,0.9122807017543859,0.9461975183244737,0.9993567997208098,234,17,28,163247,262,251,0.153492,15.35
Random_Forest_SMOTENC,validation,0.58,0.9997186991671049,0.932,0.8893129770992366,0.91015625,0.9461975183244737,0.9993567997208098,233,17,29,163247,262,250,0.152881,15.29
Random_Forest_SMOTENC,validation,0.59,0.9997125839316072,0.9317269076305221,0.8854961832061069,0.9080234833659491,0.9461975183244737,0.9993567997208098,232,17,30,163247,262,249,0.152269,15.23
Random_Forest_SMOTENC,validation,0.6,0.9997309296381004,0.943089430894309,0.8854961832061069,0.9133858267716536,0.9461975183244737,0.9993567997208098,232,14,30,163250,262,246,0.150435,15.04
Random_Forest_SMOTENC,validation,0.61,0.9997431601090958,0.9545454545454546,0.8816793893129771,0.9166666666666666,0.9461975183244737,0.9993567997208098,231,11,31,163253,262,242,0.147989,14.8
Random_Forest_SMOTENC,validation,0.62,0.9997431601090958,0.9583333333333334,0.8778625954198473,0.9163346613545816,0.9461975183244737,0.9993567997208098,230,10,32,163254,262,240,0.146766,14.68
Random_Forest_SMOTENC,validation,0.63,0.9997492753445936,0.9623430962343096,0.8778625954198473,0.9181636726546906,0.9461975183244737,0.9993567997208098,230,9,32,163255,262,239,0.146154,14.62
Random_Forest_SMOTENC,validation,0.64,0.9997492753445936,0.9623430962343096,0.8778625954198473,0.9181636726546906,0.9461975183244737,0.9993567997208098,230,9,32,163255,262,239,0.146154,14.62
Random_Forest_SMOTENC,validation,0.65,0.9997492753445936,0.9623430962343096,0.8778625954198473,0.9181636726546906,0.9461975183244737,0.9993567997208098,230,9,32,163255,262,239,0.146154,14.62
Random_Forest_SMOTENC,validation,0.66,0.9997553905800912,0.9663865546218487,0.8778625954198473,0.92,0.9461975183244737,0.9993567997208098,230,8,32,163256,262,238,0.145543,14.55
Random_Forest_SMOTENC,validation,0.67,0.9997492753445936,0.9662447257383966,0.8740458015267175,0.9178356713426854,0.9461975183244737,0.9993567997208098,229,8,33,163256,262,237,0.144931,14.49
Random_Forest_SMOTENC,validation,0.68,0.9997431601090958,0.9661016949152542,0.8702290076335878,0.9156626506024096,0.9461975183244737,0.9993567997208098,228,8,34,163256,262,236,0.14432,14.43
Random_Forest_SMOTENC,validation,0.69,0.9997431601090958,0.9661016949152542,0.8702290076335878,0.9156626506024096,0.9461975183244737,0.9993567997208098,228,8,34,163256,262,236,0.14432,14.43
Random_Forest_SMOTENC,validation,0.7,0.999737044873598,0.9659574468085106,0.8664122137404581,0.9134808853118712,0.9461975183244737,0.9993567997208098,227,8,35,163256,262,235,0.143708,14.37
Random_Forest_SMOTENC,validation,0.71,0.9997431601090958,0.9700854700854701,0.8664122137404581,0.9153225806451613,0.9461975183244737,0.9993567997208098,227,7,35,163257,262,234,0.143097,14.31
Random_Forest_SMOTENC,validation,0.72,0.9997431601090958,0.9700854700854701,0.8664122137404581,0.9153225806451613,0.9461975183244737,0.9993567997208098,227,7,35,163257,262,234,0.143097,14.31
Random_Forest_SMOTENC,validation,0.73,0.9997431601090958,0.9700854700854701,0.8664122137404581,0.9153225806451613,0.9461975183244737,0.9993567997208098,227,7,35,163257,262,234,0.143097,14.31
Random_Forest_SMOTENC,validation,0.74,0.999737044873598,0.9699570815450643,0.8625954198473282,0.9131313131313131,0.9461975183244737,0.9993567997208098,226,7,36,163257,262,233,0.142485,14.25
Random_Forest_SMOTENC,validation,0.75,0.9997431601090958,0.9741379310344828,0.8625954198473282,0.9149797570850202,0.9461975183244737,0.9993567997208098,226,6,36,163258,262,232,0.141873,14.19
Random_Forest_SMOTENC,validation,0.76,0.9997309296381004,0.9739130434782609,0.8549618320610687,0.9105691056910569,0.9461975183244737,0.9993567997208098,224,6,38,163258,262,230,0.14065,14.07
Random_Forest_SMOTENC,validation,0.77,0.9997431601090958,0.9824561403508771,0.8549618320610687,0.9142857142857143,0.9461975183244737,0.9993567997208098,224,4,38,163260,262,228,0.139427,13.94
Random_Forest_SMOTENC,validation,0.78,0.999737044873598,0.9823788546255506,0.851145038167939,0.9120654396728016,0.9461975183244737,0.9993567997208098,223,4,39,163260,262,227,0.138816,13.88
Random_Forest_SMOTENC,validation,0.79,0.9997309296381004,0.9866071428571429,0.8435114503816794,0.9094650205761317,0.9461975183244737,0.9993567997208098,221,3,41,163261,262,224,0.136981,13.7
Random_Forest_SMOTENC,validation,0.8,0.9997186991671049,0.9864864864864865,0.8358778625954199,0.9049586776859504,0.9461975183244737,0.9993567997208098,219,3,43,163261,262,222,0.135758,13.58
Random_Forest_SMOTENC,validation,0.81,0.9997186991671049,0.9864864864864865,0.8358778625954199,0.9049586776859504,0.9461975183244737,0.9993567997208098,219,3,43,163261,262,222,0.135758,13.58
Random_Forest_SMOTENC,validation,0.82,0.999694238225114,0.9862385321100917,0.8206106870229007,0.8958333333333334,0.9461975183244737,0.9993567997208098,215,3,47,163261,262,218,0.133312,13.33
Random_Forest_SMOTENC,validation,0.83,0.999694238225114,0.9862385321100917,0.8206106870229007,0.8958333333333334,0.9461975183244737,0.9993567997208098,215,3,47,163261,262,218,0.133312,13.33
Random_Forest_SMOTENC,validation,0.84,0.999694238225114,0.9907407407407407,0.816793893129771,0.895397489539749,0.9461975183244737,0.9993567997208098,214,2,48,163262,262,216,0.132089,13.21
Random_Forest_SMOTENC,validation,0.85,0.999694238225114,0.9907407407407407,0.816793893129771,0.895397489539749,0.9461975183244737,0.9993567997208098,214,2,48,163262,262,216,0.132089,13.21
Random_Forest_SMOTENC,validation,0.86,0.9996881229896163,0.9953051643192489,0.8091603053435115,0.8926315789473684,0.9461975183244737,0.9993567997208098,212,1,50,163263,262,213,0.130255,13.03
Random_Forest_SMOTENC,validation,0.87,0.9996758925186209,0.995260663507109,0.8015267175572519,0.8879492600422833,0.9461975183244737,0.9993567997208098,210,1,52,163263,262,211,0.129031,12.9
Random_Forest_SMOTENC,validation,0.88,0.9996697772831231,0.9952380952380953,0.7977099236641222,0.885593220338983,0.9461975183244737,0.9993567997208098,209,1,53,163263,262,210,0.12842,12.84
Random_Forest_SMOTENC,validation,0.89,0.9996636620476255,0.9952153110047847,0.7938931297709924,0.8832271762208068,0.9461975183244737,0.9993567997208098,208,1,54,163263,262,209,0.127808,12.78
Random_Forest_SMOTENC,validation,0.9,0.9996636620476255,0.9952153110047847,0.7938931297709924,0.8832271762208068,0.9461975183244737,0.9993567997208098,208,1,54,163263,262,209,0.127808,12.78
Random_Forest_SMOTENC,validation,0.91,0.9996514315766301,0.9951690821256038,0.7862595419847328,0.8784648187633263,0.9461975183244737,0.9993567997208098,206,1,56,163263,262,207,0.126585,12.66
Random_Forest_SMOTENC,validation,0.92,0.9996330858701369,0.9950980392156863,0.7748091603053435,0.871244635193133,0.9461975183244737,0.9993567997208098,203,1,59,163263,262,204,0.124751,12.48
Random_Forest_SMOTENC,validation,0.93,0.9996147401636437,0.9950248756218906,0.7633587786259542,0.8639308855291576,0.9461975183244737,0.9993567997208098,200,1,62,163263,262,201,0.122916,12.29
Random_Forest_SMOTENC,validation,0.94,0.9995841639861551,0.9948979591836735,0.7442748091603053,0.851528384279476,0.9461975183244737,0.9993567997208098,195,1,67,163263,262,196,0.119859,11.99
Random_Forest_SMOTENC,validation,0.95,0.9995291268666756,0.9946524064171123,0.7099236641221374,0.8285077951002228,0.9461975183244737,0.9993567997208098,186,1,76,163263,262,187,0.114355,11.44
Random_Forest_SMOTENC,validation,0.96,0.999498550689187,0.9945054945054945,0.6908396946564885,0.8153153153153153,0.9461975183244737,0.9993567997208098,181,1,81,163263,262,182,0.111297,11.13
Random_Forest_SMOTENC,validation,0.97,0.9993945916857259,1.0,0.6221374045801527,0.7670588235294118,0.9461975183244737,0.9993567997208098,163,0,99,163264,262,163,0.099678,9.97
Random_Forest_SMOTENC,validation,0.98,0.999260056504776,1.0,0.5381679389312977,0.6997518610421837,0.9461975183244737,0.9993567997208098,141,0,121,163264,262,141,0.086225,8.62
Random_Forest_SMOTENC,validation,0.99,0.9990582537333512,1.0,0.4122137404580153,0.5837837837837838,0.9461975183244737,0.9993567997208098,108,0,154,163264,262,108,0.066045,6.6
XGBoost_class_weight,validation,0.01,0.9610826412925162,0.03940217391304348,0.9961832061068703,0.07580598315422597,0.9467937540721271,0.999320026048758,261,6363,1,156901,262,6624,4.050732,405.07
XGBoost_class_weight,validation,0.02,0.9712767388672138,0.05247225025227043,0.9923664122137404,0.09967414222733371,0.9467937540721271,0.999320026048758,260,4695,2,158569,262,4955,3.030099,303.01
XGBoost_class_weight,validation,0.03,0.9770128297640742,0.06450809464508095,0.9885496183206107,0.12111292962356793,0.9467937540721271,0.999320026048758,259,3756,3,159508,262,4015,2.455267,245.53
XGBoost_class_weight,validation,0.04,0.9804740530557832,0.07509423021165555,0.9885496183206107,0.13958501751549449,0.9467937540721271,0.999320026048758,259,3190,3,160074,262,3449,2.109145,210.91
XGBoost_class_weight,validation,0.05,0.9831647566747795,0.08607510800930541,0.9885496183206107,0.15836135738306328,0.9467937540721271,0.999320026048758,259,2750,3,160514,262,3009,1.840074,184.01
XGBoost_class_weight,validation,0.06,0.9850360187370816,0.09581945985941547,0.9885496183206107,0.17470489038785836,0.9467937540721271,0.999320026048758,259,2444,3,160820,262,2703,1.652948,165.29
XGBoost_class_weight,validation,0.07,0.9865954037889999,0.10580065359477124,0.9885496183206107,0.19114391143911438,0.9467937540721271,0.999320026048758,259,2189,3,161075,262,2448,1.49701,149.7
XGBoost_class_weight,validation,0.08,0.9878796032435209,0.11572832886505809,0.9885496183206107,0.2072,0.9467937540721271,0.999320026048758,259,1979,3,161285,262,2238,1.36859,136.86
XGBoost_class_weight,validation,0.09,0.988943654220124,0.125484496124031,0.9885496183206107,0.2226999140154772,0.9467937540721271,0.999320026048758,259,1805,3,161459,262,2064,1.262185,126.22
XGBoost_class_weight,validation,0.1,0.9899037461932659,0.13581541688515994,0.9885496183206107,0.23881973259566622,0.9467937540721271,0.999320026048758,259,1648,3,161616,262,1907,1.166175,116.62
XGBoost_class_weight,validation,0.11,0.9904663478590561,0.14230557087699944,0.9847328244274809,0.24867469879518073,0.9467937540721271,0.999320026048758,258,1555,4,161709,262,1813,1.108692,110.87
XGBoost_class_weight,validation,0.12,0.9911145628218143,0.15114235500878734,0.9847328244274809,0.26206196038598273,0.9467937540721271,0.999320026048758,258,1449,4,161815,262,1707,1.043871,104.39
XGBoost_class_weight,validation,0.13,0.9916037816616318,0.1585740626920713,0.9847328244274809,0.27316040232927474,0.9467937540721271,0.999320026048758,258,1369,4,161895,262,1627,0.994949,99.49
XGBoost_class_weight,validation,0.14,0.9921480376209287,0.16731770833333334,0.9809160305343512,0.28587319243604004,0.9467937540721271,0.999320026048758,257,1279,5,161985,262,1536,0.9393,93.93
XGBoost_class_weight,validation,0.15,0.9925822193412668,0.17542662116040955,0.9809160305343512,0.29762594093804284,0.9467937540721271,0.999320026048758,257,1208,5,162056,262,1465,0.895882,89.59
XGBoost_class_weight,validation,0.16,0.9930897838875775,0.1855072463768116,0.9770992366412213,0.3118148599269184,0.9467937540721271,0.999320026048758,256,1124,6,162140,262,1380,0.843902,84.39
XGBoost_class_weight,validation,0.17,0.9934995046659247,0.19497334348819498,0.9770992366412213,0.3250793650793651,0.9467937540721271,0.999320026048758,256,1057,6,162207,262,1313,0.80293,80.29
XGBoost_class_weight,validation,0.18,0.9939153406797696,0.20562248995983937,0.9770992366412213,0.33974784339747843,0.9467937540721271,0.999320026048758,256,989,6,162275,262,1245,0.761347,76.13
XGBoost_class_weight,validation,0.19,0.9941782958061715,0.2125,0.9732824427480916,0.3488372093023256,0.9467937540721271,0.999320026048758,255,945,7,162319,262,1200,0.733828,73.38
XGBoost_class_weight,validation,0.2,0.9944901728165552,0.22193211488250653,0.9732824427480916,0.3614457831325301,0.9467937540721271,0.999320026048758,255,894,7,162370,262,1149,0.702641,70.26
XGBoost_class_weight,validation,0.21,0.9948020498269389,0.23175182481751824,0.9694656488549618,0.374079528718704,0.9467937540721271,0.999320026048758,254,842,8,162422,262,1096,0.67023,67.02
XGBoost_class_weight,validation,0.22,0.9950466592468475,0.24053030303030304,0.9694656488549618,0.38543247344461307,0.9467937540721271,0.999320026048758,254,802,8,162462,262,1056,0.645769,64.58
XGBoost_class_weight,validation,0.23,0.9953463057862358,0.2522343594836147,0.9694656488549618,0.40031520882584715,0.9467937540721271,0.999320026048758,254,753,8,162511,262,1007,0.615804,61.58
XGBoost_class_weight,validation,0.24,0.9955358780866651,0.26024590163934425,0.9694656488549618,0.41033925686591277,0.9467937540721271,0.999320026048758,254,722,8,162542,262,976,0.596847,59.68
XGBoost_class_weight,validation,0.25,0.9957193351515967,0.26849894291754756,0.9694656488549618,0.4205298013245033,0.9467937540721271,0.999320026048758,254,692,8,162572,262,946,0.578501,57.85
XGBoost_class_weight,validation,0.26,0.9959333683940168,0.278814489571899,0.9694656488549618,0.43307757885763,0.9467937540721271,0.999320026048758,254,657,8,162607,262,911,0.557098,55.71
XGBoost_class_weight,validation,0.27,0.9961107102234507,0.28798185941043086,0.9694656488549618,0.44405594405594406,0.9467937540721271,0.999320026048758,254,628,8,162636,262,882,0.539364,53.94
XGBoost_class_weight,validation,0.28,0.9962574758753959,0.29603729603729606,0.9694656488549618,0.45357142857142857,0.9467937540721271,0.999320026048758,254,604,8,162660,262,858,0.524687,52.47
XGBoost_class_weight,validation,0.29,0.9963920110563458,0.30335731414868106,0.9656488549618321,0.46167883211678834,0.9467937540721271,0.999320026048758,253,581,9,162683,262,834,0.510011,51.0
XGBoost_class_weight,validation,0.3,0.9965693528857796,0.3142857142857143,0.9656488549618321,0.4742268041237113,0.9467937540721271,0.999320026048758,253,552,9,162712,262,805,0.492276,49.23
XGBoost_class_weight,validation,0.31,0.9967100033022271,0.3235294117647059,0.9656488549618321,0.4846743295019157,0.9467937540721271,0.999320026048758,253,529,9,162735,262,782,0.478211,47.82
XGBoost_class_weight,validation,0.32,0.9968078470701907,0.3302872062663185,0.9656488549618321,0.49221789883268485,0.9467937540721271,0.999320026048758,253,513,9,162751,262,766,0.468427,46.84
XGBoost_class_weight,validation,0.33,0.9969118060736519,0.3377837116154873,0.9656488549618321,0.5004945598417408,0.9467937540721271,0.999320026048758,253,496,9,162768,262,749,0.458031,45.8
XGBoost_class_weight,validation,0.34,0.9970157650771131,0.3452054794520548,0.9618320610687023,0.5080645161290323,0.9467937540721271,0.999320026048758,252,478,10,162786,262,730,0.446412,44.64
XGBoost_class_weight,validation,0.35,0.997150300258063,0.3559322033898305,0.9618320610687023,0.5195876288659794,0.9467937540721271,0.999320026048758,252,456,10,162808,262,708,0.432959,43.3
XGBoost_class_weight,validation,0.36,0.9973031811455059,0.3689604685212299,0.9618320610687023,0.5333333333333333,0.9467937540721271,0.999320026048758,252,431,10,162833,262,683,0.417671,41.77
XGBoost_class_weight,validation,0.37,0.9974254858554603,0.38009049773755654,0.9618320610687023,0.5448648648648649,0.9467937540721271,0.999320026048758,252,411,10,162853,262,663,0.40544,40.54
XGBoost_class_weight,validation,0.38,0.9975233296234238,0.3894899536321484,0.9618320610687023,0.5544554455445545,0.9467937540721271,0.999320026048758,252,395,10,162869,262,647,0.395656,39.57
XGBoost_class_weight,validation,0.39,0.9976334038623828,0.4003189792663477,0.9580152671755725,0.5646794150731158,0.9467937540721271,0.999320026048758,251,376,11,162888,262,627,0.383425,38.34
XGBoost_class_weight,validation,0.4,0.9976945562173599,0.406807131280389,0.9580152671755725,0.571103526734926,0.9467937540721271,0.999320026048758,251,366,11,162898,262,617,0.37731,37.73
XGBoost_class_weight,validation,0.41,0.9977862847498257,0.4169435215946844,0.9580152671755725,0.5810185185185185,0.9467937540721271,0.999320026048758,251,351,11,162913,262,602,0.368137,36.81
XGBoost_class_weight,validation,0.42,0.9978596675757984,0.42542372881355933,0.9580152671755725,0.5892018779342723,0.9467937540721271,0.999320026048758,251,339,11,162925,262,590,0.360799,36.08
XGBoost_class_weight,validation,0.43,0.9979452808727665,0.4357638888888889,0.9580152671755725,0.5990453460620525,0.9467937540721271,0.999320026048758,251,325,11,162939,262,576,0.352238,35.22
XGBoost_class_weight,validation,0.44,0.998018663698739,0.4450354609929078,0.9580152671755725,0.6077481840193705,0.9467937540721271,0.999320026048758,251,313,11,162951,262,564,0.344899,34.49
XGBoost_class_weight,validation,0.45,0.9980675855827208,0.45126353790613716,0.9541984732824428,0.6127450980392157,0.9467937540721271,0.999320026048758,250,304,12,162960,262,554,0.338784,33.88
XGBoost_class_weight,validation,0.46,0.9981226227022003,0.45871559633027525,0.9541984732824428,0.6195786864931846,0.9467937540721271,0.999320026048758,250,295,12,162969,262,545,0.33328,33.33
XGBoost_class_weight,validation,0.47,0.9982204664701637,0.4725897920604915,0.9541984732824428,0.6321112515802781,0.9467937540721271,0.999320026048758,250,279,12,162985,262,529,0.323496,32.35
XGBoost_class_weight,validation,0.48,0.9982938492961364,0.4835589941972921,0.9541984732824428,0.6418485237483954,0.9467937540721271,0.999320026048758,250,267,12,162997,262,517,0.316158,31.62
XGBoost_class_weight,validation,0.49,0.9983121950026296,0.48638132295719844,0.9541984732824428,0.6443298969072165,0.9467937540721271,0.999320026048758,250,264,12,163000,262,514,0.314323,31.43
XGBoost_class_weight,validation,0.5,0.9983305407091227,0.48919449901768175,0.950381679389313,0.6459143968871596,0.9467937540721271,0.999320026048758,249,260,13,163004,262,509,0.311265,31.13
XGBoost_class_weight,validation,0.51,0.9983978082995976,0.5,0.950381679389313,0.6552631578947369,0.9467937540721271,0.999320026048758,249,249,13,163015,262,498,0.304539,30.45
XGBoost_class_weight,validation,0.52,0.9984711911255703,0.5123456790123457,0.950381679389313,0.6657754010695187,0.9467937540721271,0.999320026048758,249,237,13,163027,262,486,0.2972,29.72
XGBoost_class_weight,validation,0.53,0.9985262282450497,0.5220125786163522,0.950381679389313,0.6738836265223275,0.9467937540721271,0.999320026048758,249,228,13,163036,262,477,0.291697,29.17
XGBoost_class_weight,validation,0.54,0.9985506891870406,0.5264270613107822,0.950381679389313,0.6775510204081633,0.9467937540721271,0.999320026048758,249,224,13,163040,262,473,0.289251,28.93
XGBoost_class_weight,validation,0.55,0.9986057263065201,0.5366379310344828,0.950381679389313,0.6859504132231405,0.9467937540721271,0.999320026048758,249,215,13,163049,262,464,0.283747,28.37
XGBoost_class_weight,validation,0.56,0.9986424177195063,0.5436681222707423,0.950381679389313,0.6916666666666667,0.9467937540721271,0.999320026048758,249,209,13,163055,262,458,0.280078,28.01
XGBoost_class_weight,validation,0.57,0.9986791091324927,0.5511111111111111,0.9465648854961832,0.6966292134831461,0.9467937540721271,0.999320026048758,248,202,14,163062,262,450,0.275186,27.52
XGBoost_class_weight,validation,0.58,0.9987096853099813,0.5573033707865168,0.9465648854961832,0.7015558698727016,0.9467937540721271,0.999320026048758,248,197,14,163067,262,445,0.272128,27.21
XGBoost_class_weight,validation,0.59,0.9987341462519722,0.562358276643991,0.9465648854961832,0.705547652916074,0.9467937540721271,0.999320026048758,248,193,14,163071,262,441,0.269682,26.97
XGBoost_class_weight,validation,0.6,0.9987524919584653,0.5662100456621004,0.9465648854961832,0.7085714285714285,0.9467937540721271,0.999320026048758,248,190,14,163074,262,438,0.267847,26.78
XGBoost_class_weight,validation,0.61,0.9988075290779448,0.578088578088578,0.9465648854961832,0.7178002894356006,0.9467937540721271,0.999320026048758,248,181,14,163083,262,429,0.262344,26.23
XGBoost_class_weight,validation,0.62,0.9988564509619265,0.5890736342042755,0.9465648854961832,0.726207906295754,0.9467937540721271,0.999320026048758,248,173,14,163091,262,421,0.257451,25.75
XGBoost_class_weight,validation,0.63,0.9988747966684197,0.59375,0.9427480916030534,0.7286135693215339,0.9467937540721271,0.999320026048758,247,169,15,163095,262,416,0.254394,25.44
XGBoost_class_weight,validation,0.64,0.9989053728459083,0.6014669926650367,0.9389312977099237,0.7332339791356185,0.9467937540721271,0.999320026048758,246,163,16,163101,262,409,0.250113,25.01
XGBoost_class_weight,validation,0.65,0.9989481794943923,0.6125,0.9351145038167938,0.7401812688821753,0.9467937540721271,0.999320026048758,245,155,17,163109,262,400,0.244609,24.46
XGBoost_class_weight,validation,0.66,0.9989604099653878,0.6161616161616161,0.9312977099236641,0.7416413373860182,0.9467937540721271,0.999320026048758,244,152,18,163112,262,396,0.242163,24.22
XGBoost_class_weight,validation,0.67,0.998997101378374,0.6262886597938144,0.9274809160305344,0.7476923076923077,0.9467937540721271,0.999320026048758,243,145,19,163119,262,388,0.237271,23.73
XGBoost_class_weight,validation,0.68,0.9990276775558626,0.6344647519582245,0.9274809160305344,0.7534883720930232,0.9467937540721271,0.999320026048758,243,140,19,163124,262,383,0.234214,23.42
XGBoost_class_weight,validation,0.69,0.9990460232623558,0.6394736842105263,0.9274809160305344,0.7570093457943925,0.9467937540721271,0.999320026048758,243,137,19,163127,262,380,0.232379,23.24
XGBoost_class_weight,validation,0.7,0.9990765994398444,0.648,0.9274809160305344,0.7629513343799058,0.9467937540721271,0.999320026048758,243,132,19,163132,262,375,0.229321,22.93
XGBoost_class_weight,validation,0.71,0.9991255213238261,0.662125340599455,0.9274809160305344,0.7726550079491256,0.9467937540721271,0.999320026048758,243,124,19,163140,262,367,0.224429,22.44
XGBoost_class_weight,validation,0.72,0.9991438670303193,0.6675824175824175,0.9274809160305344,0.7763578274760383,0.9467937540721271,0.999320026048758,243,121,19,163143,262,364,0.222595,22.26
XGBoost_class_weight,validation,0.73,0.9991622127368125,0.6731301939058172,0.9274809160305344,0.7800963081861958,0.9467937540721271,0.999320026048758,243,118,19,163146,262,361,0.22076,22.08
XGBoost_class_weight,validation,0.74,0.9991866736788033,0.680672268907563,0.9274809160305344,0.7851373182552503,0.9467937540721271,0.999320026048758,243,114,19,163150,262,357,0.218314,21.83
XGBoost_class_weight,validation,0.75,0.9991927889143011,0.6825842696629213,0.9274809160305344,0.7864077669902912,0.9467937540721271,0.999320026048758,243,113,19,163151,262,356,0.217702,21.77
XGBoost_class_weight,validation,0.76,0.9991927889143011,0.6825842696629213,0.9274809160305344,0.7864077669902912,0.9467937540721271,0.999320026048758,243,113,19,163151,262,356,0.217702,21.77
XGBoost_class_weight,validation,0.77,0.9992050193852965,0.6864406779661016,0.9274809160305344,0.788961038961039,0.9467937540721271,0.999320026048758,243,111,19,163153,262,354,0.216479,21.65
XGBoost_class_weight,validation,0.78,0.9992111346207943,0.6883852691218131,0.9274809160305344,0.7902439024390244,0.9467937540721271,0.999320026048758,243,110,19,163154,262,353,0.215868,21.59
XGBoost_class_weight,validation,0.79,0.9992355955627851,0.6962750716332379,0.9274809160305344,0.795417348608838,0.9467937540721271,0.999320026048758,243,106,19,163158,262,349,0.213422,21.34
XGBoost_class_weight,validation,0.8,0.999260056504776,0.7043478260869566,0.9274809160305344,0.800658978583196,0.9467937540721271,0.999320026048758,243,102,19,163162,262,345,0.210976,21.1
XGBoost_class_weight,validation,0.81,0.9992906326822646,0.7147058823529412,0.9274809160305344,0.8073089700996677,0.9467937540721271,0.999320026048758,243,97,19,163167,262,340,0.207918,20.79
XGBoost_class_weight,validation,0.82,0.9993089783887578,0.7210682492581603,0.9274809160305344,0.8113522537562604,0.9467937540721271,0.999320026048758,243,94,19,163170,262,337,0.206083,20.61
XGBoost_class_weight,validation,0.83,0.9993579002727395,0.7386018237082067,0.9274809160305344,0.8223350253807107,0.9467937540721271,0.999320026048758,243,86,19,163178,262,329,0.201191,20.12
XGBoost_class_weight,validation,0.84,0.9993701307437349,0.7431192660550459,0.9274809160305344,0.8251273344651953,0.9467937540721271,0.999320026048758,243,84,19,163180,262,327,0.199968,20.0
XGBoost_class_weight,validation,0.85,0.9994007069212235,0.7546583850931677,0.9274809160305344,0.8321917808219178,0.9467937540721271,0.999320026048758,243,79,19,163185,262,322,0.196911,19.69
XGBoost_class_weight,validation,0.86,0.9994068221567213,0.7586206896551724,0.9236641221374046,0.8330464716006885,0.9467937540721271,0.999320026048758,242,77,20,163187,262,319,0.195076,19.51
XGBoost_class_weight,validation,0.87,0.9994740897471962,0.7857142857142857,0.9236641221374046,0.8491228070175438,0.9467937540721271,0.999320026048758,242,66,20,163198,262,308,0.188349,18.83
XGBoost_class_weight,validation,0.88,0.9995046659246848,0.7986798679867987,0.9236641221374046,0.856637168141593,0.9467937540721271,0.999320026048758,242,61,20,163203,262,303,0.185292,18.53
XGBoost_class_weight,validation,0.89,0.999541357337671,0.8148148148148148,0.9236641221374046,0.8658318425760286,0.9467937540721271,0.999320026048758,242,55,20,163209,262,297,0.181622,18.16
XGBoost_class_weight,validation,0.9,0.999565818279662,0.825938566552901,0.9236641221374046,0.872072072072072,0.9467937540721271,0.999320026048758,242,51,20,163213,262,293,0.179176,17.92
XGBoost_class_weight,validation,0.91,0.9995841639861551,0.8344827586206897,0.9236641221374046,0.8768115942028986,0.9467937540721271,0.999320026048758,242,48,20,163216,262,290,0.177342,17.73
XGBoost_class_weight,validation,0.92,0.9996025096926483,0.8456140350877193,0.9198473282442748,0.8811700182815356,0.9467937540721271,0.999320026048758,241,44,21,163220,262,285,0.174284,17.43
XGBoost_class_weight,validation,0.93,0.9996392011056345,0.8637992831541219,0.9198473282442748,0.8909426987060998,0.9467937540721271,0.999320026048758,241,38,21,163226,262,279,0.170615,17.06
XGBoost_class_weight,validation,0.94,0.9996514315766301,0.8700361010830325,0.9198473282442748,0.8942486085343229,0.9467937540721271,0.999320026048758,241,36,21,163228,262,277,0.169392,16.94
XGBoost_class_weight,validation,0.95,0.9996636620476255,0.8791208791208791,0.916030534351145,0.897196261682243,0.9467937540721271,0.999320026048758,240,33,22,163231,262,273,0.166946,16.69
XGBoost_class_weight,validation,0.96,0.9996881229896163,0.8951310861423221,0.9122137404580153,0.9035916824196597,0.9467937540721271,0.999320026048758,239,28,23,163236,262,267,0.163277,16.33
XGBoost_class_weight,validation,0.97,0.9997064686961095,0.9147286821705426,0.9007633587786259,0.9076923076923077,0.9467937540721271,0.999320026048758,236,22,26,163242,262,258,0.157773,15.78
XGBoost_class_weight,validation,0.98,0.9997248144026026,0.9357429718875502,0.8893129770992366,0.9119373776908023,0.9467937540721271,0.999320026048758,233,16,29,163248,262,249,0.152269,15.23
XGBoost_class_weight,validation,0.99,0.9997431601090958,0.9621848739495799,0.8740458015267175,0.916,0.9467937540721271,0.999320026048758,229,9,33,163255,262,238,0.145543,14.55
XGBoost_SMOTENC,validation,0.01,0.9884911267932928,0.1204311152764761,0.9809160305343512,0.21452420701168615,0.9424807853606768,0.9993218962927276,257,1877,5,161387,262,2134,1.304991,130.5
XGBoost_SMOTENC,validation,0.02,0.9942944852806281,0.21591871295512277,0.9732824427480916,0.35343035343035345,0.9424807853606768,0.9993218962927276,255,926,7,162338,262,1181,0.722209,72.22
XGBoost_SMOTENC,validation,0.03,0.9962452454044005,0.2948717948717949,0.9656488549618321,0.4517857142857143,0.9424807853606768,0.9993218962927276,253,605,9,162659,262,858,0.524687,52.47
XGBoost_SMOTENC,validation,0.04,0.9970952631385834,0.3518776077885953,0.9656488549618321,0.5158002038735984,0.9424807853606768,0.9993218962927276,253,466,9,162798,262,719,0.439685,43.97
XGBoost_SMOTENC,validation,0.05,0.9976334038623828,0.4,0.9541984732824428,0.5636978579481398,0.9424807853606768,0.9993218962927276,250,375,12,162889,262,625,0.382202,38.22
XGBoost_SMOTENC,validation,0.06,0.9980370094052322,0.44684684684684683,0.9465648854961832,0.6070991432068543,0.9424807853606768,0.9993218962927276,248,307,14,162957,262,555,0.339396,33.94
XGBoost_SMOTENC,validation,0.07,0.9983916930640999,0.49899396378269617,0.9465648854961832,0.6534914361001317,0.9424807853606768,0.9993218962927276,248,249,14,163015,262,497,0.303927,30.39
XGBoost_SMOTENC,validation,0.08,0.9985751501290314,0.5314533622559653,0.9351145038167938,0.677731673582296,0.9424807853606768,0.9993218962927276,245,216,17,163048,262,461,0.281912,28.19
XGBoost_SMOTENC,validation,0.09,0.9987402614874699,0.5648148148148148,0.9312977099236641,0.7031700288184438,0.9424807853606768,0.9993218962927276,244,188,18,163076,262,432,0.264178,26.42
XGBoost_SMOTENC,validation,0.1,0.9988564509619265,0.5907990314769975,0.9312977099236641,0.7229629629629629,0.9424807853606768,0.9993218962927276,244,169,18,163095,262,413,0.252559,25.26
XGBoost_SMOTENC,validation,0.11,0.9989787556718809,0.6208651399491094,0.9312977099236641,0.7450381679389313,0.9424807853606768,0.9993218962927276,244,149,18,163115,262,393,0.240329,24.03
XGBoost_SMOTENC,validation,0.12,0.9990337927913604,0.6361256544502618,0.9274809160305344,0.7546583850931677,0.9424807853606768,0.9993218962927276,243,139,19,163125,262,382,0.233602,23.36
XGBoost_SMOTENC,validation,0.13,0.999107175617333,0.6567567567567567,0.9274809160305344,0.7689873417721519,0.9424807853606768,0.9993218962927276,243,127,19,163137,262,370,0.226264,22.63
XGBoost_SMOTENC,validation,0.14,0.9991805584433057,0.6797752808988764,0.9236641221374046,0.7831715210355987,0.9424807853606768,0.9993218962927276,242,114,20,163150,262,356,0.217702,21.77
XGBoost_SMOTENC,validation,0.15,0.9992539412692782,0.7034883720930233,0.9236641221374046,0.7986798679867987,0.9424807853606768,0.9993218962927276,242,102,20,163162,262,344,0.210364,21.04
XGBoost_SMOTENC,validation,0.16,0.9992845174467668,0.7138643067846607,0.9236641221374046,0.8053244592346089,0.9424807853606768,0.9993218962927276,242,97,20,163167,262,339,0.207306,20.73
XGBoost_SMOTENC,validation,0.17,0.9993273240952509,0.7303030303030303,0.9198473282442748,0.8141891891891891,0.9424807853606768,0.9993218962927276,241,89,21,163175,262,330,0.201803,20.18
XGBoost_SMOTENC,validation,0.18,0.9993701307437349,0.7461300309597523,0.9198473282442748,0.8239316239316239,0.9424807853606768,0.9993218962927276,241,82,21,163182,262,323,0.197522,19.75
XGBoost_SMOTENC,validation,0.19,0.9994068221567213,0.7619047619047619,0.916030534351145,0.8318890814558059,0.9424807853606768,0.9993218962927276,240,75,22,163189,262,315,0.19263,19.26
XGBoost_SMOTENC,validation,0.2,0.9994312830987121,0.7734627831715211,0.9122137404580153,0.8371278458844134,0.9424807853606768,0.9993218962927276,239,70,23,163194,262,309,0.188961,18.9
XGBoost_SMOTENC,validation,0.21,0.999455744040703,0.7836065573770492,0.9122137404580153,0.8430335097001763,0.9424807853606768,0.9993218962927276,239,66,23,163198,262,305,0.186515,18.65
XGBoost_SMOTENC,validation,0.22,0.9994924354536894,0.7993311036789298,0.9122137404580153,0.8520499108734403,0.9424807853606768,0.9993218962927276,239,60,23,163204,262,299,0.182846,18.28
XGBoost_SMOTENC,validation,0.23,0.9995168963956802,0.8101694915254237,0.9122137404580153,0.8581687612208259,0.9424807853606768,0.9993218962927276,239,56,23,163208,262,295,0.180399,18.04
XGBoost_SMOTENC,validation,0.24,0.999541357337671,0.8235294117647058,0.9083969465648855,0.8638838475499092,0.9424807853606768,0.9993218962927276,238,51,24,163213,262,289,0.17673,17.67
XGBoost_SMOTENC,validation,0.25,0.9995841639861551,0.8439716312056738,0.9083969465648855,0.875,0.9424807853606768,0.9993218962927276,238,44,24,163220,262,282,0.17245,17.24
XGBoost_SMOTENC,validation,0.26,0.9995963944571505,0.85,0.9083969465648855,0.8782287822878229,0.9424807853606768,0.9993218962927276,238,42,24,163222,262,280,0.171227,17.12
XGBoost_SMOTENC,validation,0.27,0.999608624928146,0.8561151079136691,0.9083969465648855,0.8814814814814815,0.9424807853606768,0.9993218962927276,238,40,24,163224,262,278,0.170004,17.0
XGBoost_SMOTENC,validation,0.28,0.9996147401636437,0.8618181818181818,0.9045801526717557,0.88268156424581,0.9424807853606768,0.9993218962927276,237,38,25,163226,262,275,0.168169,16.82
XGBoost_SMOTENC,validation,0.29,0.9996208553991415,0.864963503649635,0.9045801526717557,0.8843283582089553,0.9424807853606768,0.9993218962927276,237,37,25,163227,262,274,0.167557,16.76
XGBoost_SMOTENC,validation,0.3,0.9996392011056345,0.8745387453874539,0.9045801526717557,0.8893058161350844,0.9424807853606768,0.9993218962927276,237,34,25,163230,262,271,0.165723,16.57
XGBoost_SMOTENC,validation,0.31,0.9996575468121277,0.8843283582089553,0.9045801526717557,0.8943396226415095,0.9424807853606768,0.9993218962927276,237,31,25,163233,262,268,0.163888,16.39
XGBoost_SMOTENC,validation,0.32,0.9996514315766301,0.8838951310861424,0.9007633587786259,0.8922495274102079,0.9424807853606768,0.9993218962927276,236,31,26,163233,262,267,0.163277,16.33
XGBoost_SMOTENC,validation,0.33,0.9996636620476255,0.8905660377358491,0.9007633587786259,0.8956356736242884,0.9424807853606768,0.9993218962927276,236,29,26,163235,262,265,0.162054,16.21
XGBoost_SMOTENC,validation,0.34,0.9996697772831231,0.8939393939393939,0.9007633587786259,0.8973384030418251,0.9424807853606768,0.9993218962927276,236,28,26,163236,262,264,0.161442,16.14
XGBoost_SMOTENC,validation,0.35,0.9996697772831231,0.8939393939393939,0.9007633587786259,0.8973384030418251,0.9424807853606768,0.9993218962927276,236,28,26,163236,262,264,0.161442,16.14
XGBoost_SMOTENC,validation,0.36,0.9996820077541186,0.9007633587786259,0.9007633587786259,0.9007633587786259,0.9424807853606768,0.9993218962927276,236,26,26,163238,262,262,0.160219,16.02
XGBoost_SMOTENC,validation,0.37,0.999694238225114,0.9076923076923077,0.9007633587786259,0.9042145593869731,0.9424807853606768,0.9993218962927276,236,24,26,163240,262,260,0.158996,15.9
XGBoost_SMOTENC,validation,0.38,0.9996881229896163,0.9105058365758755,0.8931297709923665,0.9017341040462428,0.9424807853606768,0.9993218962927276,234,23,28,163241,262,257,0.157162,15.72
XGBoost_SMOTENC,validation,0.39,0.9996881229896163,0.9137254901960784,0.8893129770992366,0.9013539651837524,0.9424807853606768,0.9993218962927276,233,22,29,163242,262,255,0.155939,15.59
XGBoost_SMOTENC,validation,0.4,0.9996881229896163,0.9137254901960784,0.8893129770992366,0.9013539651837524,0.9424807853606768,0.9993218962927276,233,22,29,163242,262,255,0.155939,15.59
XGBoost_SMOTENC,validation,0.41,0.9997125839316072,0.9282868525896414,0.8893129770992366,0.9083820662768031,0.9424807853606768,0.9993218962927276,233,18,29,163246,262,251,0.153492,15.35
XGBoost_SMOTENC,validation,0.42,0.9997186991671049,0.932,0.8893129770992366,0.91015625,0.9424807853606768,0.9993218962927276,233,17,29,163247,262,250,0.152881,15.29
XGBoost_SMOTENC,validation,0.43,0.9997186991671049,0.932,0.8893129770992366,0.91015625,0.9424807853606768,0.9993218962927276,233,17,29,163247,262,250,0.152881,15.29
XGBoost_SMOTENC,validation,0.44,0.9997248144026026,0.9357429718875502,0.8893129770992366,0.9119373776908023,0.9424807853606768,0.9993218962927276,233,16,29,163248,262,249,0.152269,15.23
XGBoost_SMOTENC,validation,0.45,0.9997248144026026,0.9357429718875502,0.8893129770992366,0.9119373776908023,0.9424807853606768,0.9993218962927276,233,16,29,163248,262,249,0.152269,15.23
XGBoost_SMOTENC,validation,0.46,0.9997248144026026,0.9357429718875502,0.8893129770992366,0.9119373776908023,0.9424807853606768,0.9993218962927276,233,16,29,163248,262,249,0.152269,15.23
XGBoost_SMOTENC,validation,0.47,0.9997309296381004,0.9395161290322581,0.8893129770992366,0.9137254901960784,0.9424807853606768,0.9993218962927276,233,15,29,163249,262,248,0.151658,15.17
XGBoost_SMOTENC,validation,0.48,0.9997309296381004,0.9395161290322581,0.8893129770992366,0.9137254901960784,0.9424807853606768,0.9993218962927276,233,15,29,163249,262,248,0.151658,15.17
XGBoost_SMOTENC,validation,0.49,0.999737044873598,0.9433198380566802,0.8893129770992366,0.9155206286836935,0.9424807853606768,0.9993218962927276,233,14,29,163250,262,247,0.151046,15.1
XGBoost_SMOTENC,validation,0.5,0.999737044873598,0.9433198380566802,0.8893129770992366,0.9155206286836935,0.9424807853606768,0.9993218962927276,233,14,29,163250,262,247,0.151046,15.1
XGBoost_SMOTENC,validation,0.51,0.9997492753445936,0.9510204081632653,0.8893129770992366,0.9191321499013807,0.9424807853606768,0.9993218962927276,233,12,29,163252,262,245,0.149823,14.98
XGBoost_SMOTENC,validation,0.52,0.9997492753445936,0.9510204081632653,0.8893129770992366,0.9191321499013807,0.9424807853606768,0.9993218962927276,233,12,29,163252,262,245,0.149823,14.98
XGBoost_SMOTENC,validation,0.53,0.9997492753445936,0.9510204081632653,0.8893129770992366,0.9191321499013807,0.9424807853606768,0.9993218962927276,233,12,29,163252,262,245,0.149823,14.98
XGBoost_SMOTENC,validation,0.54,0.9997553905800912,0.9549180327868853,0.8893129770992366,0.9209486166007905,0.9424807853606768,0.9993218962927276,233,11,29,163253,262,244,0.149212,14.92
XGBoost_SMOTENC,validation,0.55,0.999761505815589,0.9588477366255144,0.8893129770992366,0.9227722772277228,0.9424807853606768,0.9993218962927276,233,10,29,163254,262,243,0.1486,14.86
XGBoost_SMOTENC,validation,0.56,0.9997676210510866,0.9628099173553719,0.8893129770992366,0.9246031746031746,0.9424807853606768,0.9993218962927276,233,9,29,163255,262,242,0.147989,14.8
XGBoost_SMOTENC,validation,0.57,0.9997676210510866,0.9628099173553719,0.8893129770992366,0.9246031746031746,0.9424807853606768,0.9993218962927276,233,9,29,163255,262,242,0.147989,14.8
XGBoost_SMOTENC,validation,0.58,0.9997798515220822,0.9708333333333333,0.8893129770992366,0.9282868525896414,0.9424807853606768,0.9993218962927276,233,7,29,163257,262,240,0.146766,14.68
XGBoost_SMOTENC,validation,0.59,0.9997859667575798,0.9748953974895398,0.8893129770992366,0.9301397205588823,0.9424807853606768,0.9993218962927276,233,6,29,163258,262,239,0.146154,14.62
XGBoost_SMOTENC,validation,0.6,0.9997798515220822,0.9747899159663865,0.8854961832061069,0.928,0.9424807853606768,0.9993218962927276,232,6,30,163258,262,238,0.145543,14.55
XGBoost_SMOTENC,validation,0.61,0.9997859667575798,0.9789029535864979,0.8854961832061069,0.9298597194388778,0.9424807853606768,0.9993218962927276,232,5,30,163259,262,237,0.144931,14.49
XGBoost_SMOTENC,validation,0.62,0.9997859667575798,0.9789029535864979,0.8854961832061069,0.9298597194388778,0.9424807853606768,0.9993218962927276,232,5,30,163259,262,237,0.144931,14.49
XGBoost_SMOTENC,validation,0.63,0.9997859667575798,0.9789029535864979,0.8854961832061069,0.9298597194388778,0.9424807853606768,0.9993218962927276,232,5,30,163259,262,237,0.144931,14.49
XGBoost_SMOTENC,validation,0.64,0.9997920819930776,0.9830508474576272,0.8854961832061069,0.9317269076305221,0.9424807853606768,0.9993218962927276,232,4,30,163260,262,236,0.14432,14.43
XGBoost_SMOTENC,validation,0.65,0.9997920819930776,0.9830508474576272,0.8854961832061069,0.9317269076305221,0.9424807853606768,0.9993218962927276,232,4,30,163260,262,236,0.14432,14.43
XGBoost_SMOTENC,validation,0.66,0.9997859667575798,0.9829787234042553,0.8816793893129771,0.9295774647887324,0.9424807853606768,0.9993218962927276,231,4,31,163260,262,235,0.143708,14.37
XGBoost_SMOTENC,validation,0.67,0.9997920819930776,0.9871794871794872,0.8816793893129771,0.9314516129032258,0.9424807853606768,0.9993218962927276,231,3,31,163261,262,234,0.143097,14.31
XGBoost_SMOTENC,validation,0.68,0.9997859667575798,0.9871244635193133,0.8778625954198473,0.9292929292929293,0.9424807853606768,0.9993218962927276,230,3,32,163261,262,233,0.142485,14.25
XGBoost_SMOTENC,validation,0.69,0.9997859667575798,0.9871244635193133,0.8778625954198473,0.9292929292929293,0.9424807853606768,0.9993218962927276,230,3,32,163261,262,233,0.142485,14.25
XGBoost_SMOTENC,validation,0.7,0.9997859667575798,0.9871244635193133,0.8778625954198473,0.9292929292929293,0.9424807853606768,0.9993218962927276,230,3,32,163261,262,233,0.142485,14.25
XGBoost_SMOTENC,validation,0.71,0.9997798515220822,0.9870689655172413,0.8740458015267175,0.9271255060728745,0.9424807853606768,0.9993218962927276,229,3,33,163261,262,232,0.141873,14.19
XGBoost_SMOTENC,validation,0.72,0.9997798515220822,0.991304347826087,0.8702290076335878,0.926829268292683,0.9424807853606768,0.9993218962927276,228,2,34,163262,262,230,0.14065,14.07
XGBoost_SMOTENC,validation,0.73,0.9997737362865844,0.9912663755458515,0.8664122137404581,0.924643584521385,0.9424807853606768,0.9993218962927276,227,2,35,163262,262,229,0.140039,14.0
XGBoost_SMOTENC,validation,0.74,0.9997737362865844,0.9912663755458515,0.8664122137404581,0.924643584521385,0.9424807853606768,0.9993218962927276,227,2,35,163262,262,229,0.140039,14.0
XGBoost_SMOTENC,validation,0.75,0.9997676210510866,0.9912280701754386,0.8625954198473282,0.9224489795918367,0.9424807853606768,0.9993218962927276,226,2,36,163262,262,228,0.139427,13.94
XGBoost_SMOTENC,validation,0.76,0.999761505815589,0.9911894273127754,0.8587786259541985,0.9202453987730062,0.9424807853606768,0.9993218962927276,225,2,37,163262,262,227,0.138816,13.88
XGBoost_SMOTENC,validation,0.77,0.999761505815589,0.9911894273127754,0.8587786259541985,0.9202453987730062,0.9424807853606768,0.9993218962927276,225,2,37,163262,262,227,0.138816,13.88
XGBoost_SMOTENC,validation,0.78,0.9997553905800912,0.9911504424778761,0.8549618320610687,0.9180327868852459,0.9424807853606768,0.9993218962927276,224,2,38,163262,262,226,0.138204,13.82
XGBoost_SMOTENC,validation,0.79,0.9997553905800912,0.9911504424778761,0.8549618320610687,0.9180327868852459,0.9424807853606768,0.9993218962927276,224,2,38,163262,262,226,0.138204,13.82
XGBoost_SMOTENC,validation,0.8,0.9997492753445936,0.9911111111111112,0.851145038167939,0.9158110882956879,0.9424807853606768,0.9993218962927276,223,2,39,163262,262,225,0.137593,13.76
XGBoost_SMOTENC,validation,0.81,0.9997431601090958,0.9910714285714286,0.8473282442748091,0.9135802469135802,0.9424807853606768,0.9993218962927276,222,2,40,163262,262,224,0.136981,13.7
XGBoost_SMOTENC,validation,0.82,0.9997431601090958,0.9910714285714286,0.8473282442748091,0.9135802469135802,0.9424807853606768,0.9993218962927276,222,2,40,163262,262,224,0.136981,13.7
XGBoost_SMOTENC,validation,0.83,0.999737044873598,0.9910313901345291,0.8435114503816794,0.911340206185567,0.9424807853606768,0.9993218962927276,221,2,41,163262,262,223,0.13637,13.64
XGBoost_SMOTENC,validation,0.84,0.9997431601090958,0.9954954954954955,0.8435114503816794,0.9132231404958677,0.9424807853606768,0.9993218962927276,221,1,41,163263,262,222,0.135758,13.58
XGBoost_SMOTENC,validation,0.85,0.9997431601090958,0.9954954954954955,0.8435114503816794,0.9132231404958677,0.9424807853606768,0.9993218962927276,221,1,41,163263,262,222,0.135758,13.58
XGBoost_SMOTENC,validation,0.86,0.9997431601090958,0.9954954954954955,0.8435114503816794,0.9132231404958677,0.9424807853606768,0.9993218962927276,221,1,41,163263,262,222,0.135758,13.58
XGBoost_SMOTENC,validation,0.87,0.999737044873598,0.995475113122172,0.8396946564885496,0.9109730848861284,0.9424807853606768,0.9993218962927276,220,1,42,163263,262,221,0.135147,13.51
XGBoost_SMOTENC,validation,0.88,0.999737044873598,0.995475113122172,0.8396946564885496,0.9109730848861284,0.9424807853606768,0.9993218962927276,220,1,42,163263,262,221,0.135147,13.51
XGBoost_SMOTENC,validation,0.89,0.9997309296381004,0.9954545454545455,0.8358778625954199,0.9087136929460581,0.9424807853606768,0.9993218962927276,219,1,43,163263,262,220,0.134535,13.45
XGBoost_SMOTENC,validation,0.9,0.9997309296381004,0.9954545454545455,0.8358778625954199,0.9087136929460581,0.9424807853606768,0.9993218962927276,219,1,43,163263,262,220,0.134535,13.45
XGBoost_SMOTENC,validation,0.91,0.9997309296381004,0.9954545454545455,0.8358778625954199,0.9087136929460581,0.9424807853606768,0.9993218962927276,219,1,43,163263,262,220,0.134535,13.45
XGBoost_SMOTENC,validation,0.92,0.9997248144026026,0.9954337899543378,0.8320610687022901,0.9064449064449065,0.9424807853606768,0.9993218962927276,218,1,44,163263,262,219,0.133924,13.39
XGBoost_SMOTENC,validation,0.93,0.9997186991671049,0.9954128440366973,0.8282442748091603,0.9041666666666667,0.9424807853606768,0.9993218962927276,217,1,45,163263,262,218,0.133312,13.33
XGBoost_SMOTENC,validation,0.94,0.9997186991671049,0.9954128440366973,0.8282442748091603,0.9041666666666667,0.9424807853606768,0.9993218962927276,217,1,45,163263,262,218,0.133312,13.33
XGBoost_SMOTENC,validation,0.95,0.9997125839316072,0.9953917050691244,0.8244274809160306,0.9018789144050104,0.9424807853606768,0.9993218962927276,216,1,46,163263,262,217,0.132701,13.27
XGBoost_SMOTENC,validation,0.96,0.9997064686961095,0.9953703703703703,0.8206106870229007,0.899581589958159,0.9424807853606768,0.9993218962927276,215,1,47,163263,262,216,0.132089,13.21
XGBoost_SMOTENC,validation,0.97,0.9997003534606118,0.9953488372093023,0.816793893129771,0.8972746331236897,0.9424807853606768,0.9993218962927276,214,1,48,163263,262,215,0.131478,13.15
XGBoost_SMOTENC,validation,0.98,0.999694238225114,1.0,0.8091603053435115,0.8945147679324894,0.9424807853606768,0.9993218962927276,212,0,50,163264,262,212,0.129643,12.96
XGBoost_SMOTENC,validation,0.99,0.9996575468121277,1.0,0.7862595419847328,0.8803418803418803,0.9424807853606768,0.9993218962927276,206,0,56,163264,262,206,0.125974,12.6
